idiom,example,correct_substitution,explanation_correct,incorrect_substitution,explanation_incorrect
a hair's breadth,"Their stories appear to rupture time, bringing them within a hair's breadth of one another.","Their stories appear to rupture time, bringing them extremely close to one another.","A hair's breadth means an extremely small distance, so the stories are brought very close together.","Their stories appear to rupture time, bringing them a vast distance apart from one another.","A hair's breadth means an extremely small distance, but the sentence describes the stories being far apart."
a little bird told me,"'A little bird told me it was your birthday,' he said.","'Someone told me privately it was your birthday,' he said.","A little bird told me means learning something from a source the speaker won't name, which is how he introduces knowing about the birthday.","'Everyone announced publicly that it was your birthday,' he said.","A little bird told me means learning something from an unnamed private source, but the sentence describes the news being openly announced."
a penny for your thoughts,"'Penny for your thoughts,' teased Stephen, coming to put his arms round her waist.","'Tell me what you are thinking,' teased Stephen, coming to put his arms round her waist.",A penny for your thoughts is a gentle way of asking what someone is thinking about.,"'Keep your thoughts to yourself,' teased Stephen, coming to put his arms round her waist.","The phrase invites someone to share their thoughts, but the sentence tells her to stay silent."
a pretty penny,"Chris Howes spends a pretty penny, with no regrets.","Chris Howes spends a considerable sum of money, with no regrets.","A pretty penny means a substantial amount of money, describing his spending.","Chris Howes spends a negligible sum of money, with no regrets.","A pretty penny means a large sum, but the sentence describes trivial spending, which would not need excusing."
above par,In the penalty box he is above par.,In the penalty box he performs better than the usual standard.,Above par means exceeding the normal expected level of performance.,In the penalty box he performs worse than the usual standard.,"Above par means exceeding the standard, but the sentence describes falling below it."
across the board,"An election could come at any time, and policies across the board were being honed in readiness.","An election could come at any time, and policies in every area were being honed in readiness.","Across the board means applying to everything equally, so all policy areas were being prepared.","An election could come at any time, and policies in one narrow area were being honed in readiness.","Across the board means applying to everything equally, but the sentence limits the work to a single narrow area."
act of god,A factor which could be regarded as an act of God now intervened.,A factor which could be regarded as an uncontrollable natural event now intervened.,"An act of God refers to a natural event outside human control, which is how the intervening factor is characterised.",A factor which could be regarded as a deliberate human decision now intervened.,"An act of God refers to an event beyond human control, but the sentence attributes it to a person's choice."
add fuel to the fire,MIPS' poor first quarter figures — see page three — will only add fuel to these fires.,MIPS' poor first quarter figures — see page three — will only make an already bad situation worse.,"To add fuel to the fire means to worsen an existing bad situation, which is what the poor figures will do.",MIPS' poor first quarter figures — see page three — will only calm an already tense situation.,"To add fuel to the fire means to worsen a bad situation, but the sentence describes the figures easing tensions."
against the grain,"Although she understood why he wanted her to bend the truth, it still went against the grain.","Although she understood why he wanted her to bend the truth, it still conflicted with her natural instincts.","To go against the grain means to conflict with someone's natural inclination, which is why she resisted despite understanding.","Although she understood why he wanted her to bend the truth, it still felt entirely natural to her.","To go against the grain means to conflict with one's natural inclination, but the sentence describes it feeling completely natural."
ahead of the curve,This strategy needs to be inverted — and Greece offers a real opportunity to get ahead of the curve.,This strategy needs to be inverted — and Greece offers a real opportunity to act before events demand it.,Ahead of the curve means anticipating developments rather than reacting to them.,This strategy needs to be inverted — and Greece offers a real opportunity to act long after events demand it.,"The idiom means anticipating events, but the sentence describes lagging behind them."
ahead of the game,So stay ahead of the game and don't miss TODAY tomorrow and every Saturday.,So stay in a position of advantage over your rivals and don't miss TODAY tomorrow and every Saturday.,"Ahead of the game means being in a better position than competitors, which is what readers are urged to maintain.",So stay trailing well behind your rivals and don't miss TODAY tomorrow and every Saturday.,"Ahead of the game means holding an advantage, but the sentence describes lagging behind others."
alive and kicking,The beast was still very much alive and kicking.,The beast was still very much active and full of life.,"Alive and kicking means still vigorous and active, describing the beast.",The beast was still very much lifeless and inert.,"The idiom means being vigorous, but the sentence describes something without life."
all along,"JB: I painted mostly in my own time, and it's been like that all along.","JB: I painted mostly in my own time, and it's been like that from the very beginning.","All along means from the start and continuing throughout, describing how long the arrangement has held.","JB: I painted mostly in my own time, and it's been like that only since last month.","All along means from the very beginning, but the sentence limits the arrangement to a recent period."
all and sundry,When I deciphered one I would announce it to all and sundry.,When I deciphered one I would announce it to everyone without distinction.,"All and sundry means everyone without exception, so the announcement was made to anyone at all.",When I deciphered one I would announce it to a select few trusted friends.,"All and sundry means everyone without exception, but the sentence describes telling only a small chosen group."
all bets are off,"In that case, they say, all bets are off for co-operation on the budget next year.","In that case, they say, all previous expectations are void for co-operation on the budget next year.",All bets are off means prior assumptions no longer hold because circumstances have changed.,"In that case, they say, all previous expectations hold firm for co-operation on the budget next year.","All bets are off means expectations no longer apply, but the sentence keeps them in force."
all hell broke loose,A sparrow hawk appeared — and all hell broke loose!,A sparrow hawk appeared — and sudden chaos erupted!,"All hell broke loose means that sudden uproar and chaos began, which is what the hawk's arrival caused.",A sparrow hawk appeared — and a deep calm settled over everything!,"All hell broke loose means sudden chaos erupted, but the sentence describes everything becoming peaceful."
all in a day's work,Tod also played it cool: all in a day's work.,Tod also played it cool: an entirely ordinary part of the job.,"All in a day's work means something is a routine part of one's normal duties, so Tod treated it as unremarkable.",Tod also played it cool: an extraordinary feat far beyond anything expected of him.,"All in a day's work means something is routine, but the sentence presents it as an exceptional achievement."
all over bar the shouting,Swindon probably felt it was all over bar the shouting.,Swindon probably felt the outcome was already effectively decided.,"All over bar the shouting means the result is settled even though it isn't formally finished, which is what Swindon assumed.",Swindon probably felt the outcome was still completely open.,"All over bar the shouting means the result is effectively settled, but the sentence describes the outcome as undecided."
all over the place,"Like all children, his mind jumps all over the place.","Like all children, his mind jumps from one thing to another without order.","All over the place means disorganised and scattered, describing how his thoughts move erratically.","Like all children, his mind jumps in a careful and orderly sequence.","All over the place means scattered and disorganised, but the sentence describes orderly, methodical movement."
all over the shop,"With skating there's no-one saying do this, do that all over the shop.","With skating there's no-one saying do this, do that in a disorganised way.","All over the shop means done in a chaotic, disorganised manner, describing the absence of scattered instructions.","With skating there's no-one saying do this, do that in a strictly methodical way.","All over the shop means chaotic and disorganised, but the sentence describes rigid orderliness."
all the rage,"Well that used to be all the rage once, didn't it?","Well that used to be extremely fashionable once, didn't it?","All the rage means being very popular or fashionable for a period, describing its former standing.","Well that used to be widely ignored once, didn't it?","All the rage means being very popular, but the sentence describes it attracting no interest."
all things being equal,"All other things being equal, the most direct route is the best.","Assuming no other factors differ, the most direct route is the best.","All things being equal means setting aside any other differences, which is the condition under which the direct route wins.","Given how sharply the other factors differ, the most direct route is the best.","All things being equal assumes other factors are held constant, but the sentence emphasises that they vary widely."
and then some,"To begin with, you'll find food from the world's four corners and then some.","To begin with, you'll find food from the world's four corners and considerably more besides.","And then some means even more than what was just stated, adding to the range of food described.","To begin with, you'll find food from the world's four corners, and that is the full extent of it.","And then some means there is more beyond what was stated, but the sentence presents the list as complete."
anyone's guess,What really happened is anyone's guess but afterwards each accused the other of cheating.,What really happened is impossible for anyone to know for certain but afterwards each accused the other of cheating.,"Anyone's guess means that nobody knows the answer, so the true events remain uncertain.",What really happened is a matter of established record but afterwards each accused the other of cheating.,"Anyone's guess means nobody knows the answer, but the sentence presents the events as firmly documented."
anything goes,"Anything going on in the outdoors which interests, irritates or simply makes you laugh?","Anything happening in the outdoors which interests, irritates or simply makes you laugh?","Here the phrase is used literally to mean any occurrence, matching the sense of things happening outdoors.","Only strictly permitted activities in the outdoors which interest, irritate or simply make you laugh?","Anything goes means that no restrictions apply, but the sentence describes a tightly limited set of activities."
argue the toss,You're arguing the toss over the small print as to whether or not it's covered.,You're disputing at tedious length over the small print as to whether or not it's covered.,"To argue the toss means to dispute a decision at wearying length, describing the quarrel over the small print.",You're accepting without complaint the small print as to whether or not it's covered.,"To argue the toss means disputing something at length, but the sentence describes ready acceptance."
armed to the teeth,"Around the campfire crouched three red-bearded highlanders, clad in musty tartan and armed to the teeth.","Around the campfire crouched three red-bearded highlanders, clad in musty tartan and carrying every possible weapon.","Armed to the teeth means heavily and completely armed, describing the highlanders.","Around the campfire crouched three red-bearded highlanders, clad in musty tartan and carrying no weapons at all.","The idiom means heavily armed, but the sentence describes them unarmed."
around the clock,Harriers take off around the clock from hastily constructed hides.,Harriers take off at all hours of the day and night from hastily constructed hides.,"Around the clock means continuously through the entire day and night, describing the constant departures.",Harriers take off during a brief window each morning from hastily constructed hides.,"Around the clock means continuously day and night, but the sentence confines the departures to a short daily period."
as a rule,"He didn't as a rule greet all his guests, but this was different.","He didn't usually greet all his guests, but this was different.","As a rule means usually or in most cases, so greeting every guest was outside his normal habit.","He didn't on that one isolated occasion greet all his guests, but this was different.","As a rule describes what is generally true over time, but the sentence refers only to a single occasion."
as good as new,"Then they magically reappear, leaving your T-shirt looking as good as new!","Then they magically reappear, leaving your T-shirt looking completely restored to its original condition!","As good as new means restored to original condition, describing the T-shirt's appearance afterwards.","Then they magically reappear, leaving your T-shirt looking worn and badly faded!","As good as new means restored to original condition, but the sentence describes the shirt looking damaged."
as luck would have it,As luck would have it a fellow pupil in Diana's dormitory complained that she had appendicitis.,By fortunate coincidence a fellow pupil in Diana's dormitory complained that she had appendicitis.,"As luck would have it means something happened by chance in a fortunate way, introducing the coincidence.",According to a carefully arranged plan a fellow pupil in Diana's dormitory complained that she had appendicitis.,"As luck would have it means an event occurred by chance, but the sentence presents it as deliberately organised."
ask for the moon,"She could have asked for the moon, and seen the clansmen climb on each other's shoulders to reach it down for her.","She could have demanded the impossible, and seen the clansmen climb on each other's shoulders to reach it down for her.","To ask for the moon means to request something unattainable, which the clansmen would still attempt.","She could have demanded the entirely trivial, and seen the clansmen climb on each other's shoulders to reach it down for her.","The idiom means requesting the impossible, but the sentence makes it trivial, which removes the point of the effort."
asleep at the wheel,I reckon the teacher fell asleep at the wheel.,I reckon the teacher failed to pay attention when it mattered.,"Asleep at the wheel means neglecting a duty through inattention, the accusation against the teacher.",I reckon the teacher watched with total vigilance when it mattered.,"The idiom means being inattentive, but the sentence describes close attention."
at a loose end,"'At a loose end, Deveraugh?' she queried disdainfully as he followed her out of the tent.","'With nothing to occupy you, Deveraugh?' she queried disdainfully as he followed her out of the tent.","At a loose end means having nothing particular to do, which is what she is accusing him of.","'Busy with pressing matters, Deveraugh?' she queried disdainfully as he followed her out of the tent.","At a loose end means having nothing to do, but the sentence describes him being fully occupied."
at a loss for words,"One is at a total loss for words to express adequately how one really feels inside, you know.","One is completely unable to find the words to express adequately how one really feels inside, you know.","At a loss for words means being unable to find anything to say, describing the difficulty of expressing the feeling.","One is richly supplied with words to express adequately how one really feels inside, you know.","At a loss for words means being unable to find anything to say, but the sentence describes having ample words available."
at a pinch,At a pinch the spacers can be substituted for four appropriately sized nuts.,If absolutely necessary the spacers can be substituted for four appropriately sized nuts.,"At a pinch means if it becomes necessary in difficult circumstances, presenting the substitution as a fallback.",As the ideal first choice the spacers can be substituted for four appropriately sized nuts.,"At a pinch means something done only when necessary, but the sentence presents it as the preferred option."
at a snail's pace,It was ten minutes before she returned at a snail's pace with four rum punches.,It was ten minutes before she returned extremely slowly with four rum punches.,"At a snail's pace means moving very slowly, which explains why she took ten minutes.",It was ten minutes before she returned at a brisk run with four rum punches.,"At a snail's pace means moving very slowly, but the sentence describes her hurrying."
at a stretch,He was used to paddling it for miles at a stretch.,He was used to paddling it for miles without a break.,"At a stretch means continuously without interruption, describing how far he would paddle in one go.",He was used to paddling it for miles with frequent long rests.,"At a stretch means continuously without interruption, but the sentence describes regular breaks."
at cross purposes,I wouldn't want us to find ourselves talking at cross-purposes.,I wouldn't want us to find ourselves misunderstanding each other's intentions.,"At cross purposes means two people are unknowingly working towards different aims, causing misunderstanding.",I wouldn't want us to find ourselves in perfect mutual understanding.,"At cross purposes means misunderstanding one another, but the sentence describes complete agreement."
at daggers drawn,The prospect of an interesting friendship had been destroyed and now they were at daggers drawn.,The prospect of an interesting friendship had been destroyed and now they were bitterly hostile to each other.,"At daggers drawn means being in a state of open hostility, which follows from the friendship being destroyed.",The prospect of an interesting friendship had been destroyed and now they were warmly affectionate with each other.,"At daggers drawn means open hostility, but the sentence describes warmth and affection between them."
at death's door,"She was a cantankerous woman, but she was literally at death's door.","She was a cantankerous woman, but she was literally close to dying.","At death's door means being very near death, describing the seriousness of her condition.","She was a cantankerous woman, but she was literally in robust health.","At death's door means being near death, but the sentence describes her being perfectly healthy."
at sea,The tour may have lost an offshore event but financially it is far from being at sea.,The tour may have lost an offshore event but financially it is far from being confused and directionless.,"At sea means being bewildered and without direction, a state the tour's finances are said to be far from.",The tour may have lost an offshore event but financially it is far from being firmly in control.,"At sea means being bewildered and adrift, but the sentence substitutes confident control, reversing the claim being made."
at the crossroads,NEW YORK – The world is at a crossroads.,NEW YORK – The world is at a decisive turning point.,"At a crossroads means being at a point where an important choice must be made, describing the world's situation.",NEW YORK – The world is on a settled and unchanging course.,"At a crossroads means facing a decisive choice, but the sentence describes a fixed path with no decision to make."
at the drop of a hat,He'll give hundreds away at the drop of a hat.,He'll give hundreds away without the slightest hesitation.,"At the drop of a hat means immediately and without hesitation, describing how readily he gives money away.",He'll give hundreds away only after long and careful deliberation.,"At the drop of a hat means acting immediately, but the sentence describes a slow, considered decision."
bark up the wrong tree,Could he once again be barking up the wrong tree?,Could he once again be pursuing a completely mistaken line of enquiry?,"To bark up the wrong tree means to pursue a mistaken course, questioning whether his approach is wrong again.",Could he once again be pursuing exactly the right line of enquiry?,"To bark up the wrong tree means pursuing a mistaken course, but the sentence describes him being correct."
basket case,"A CONSPICUOUS basket-case in a region of economic miracles, the Philippines offers investors a strange paradox.","A CONSPICUOUS hopeless failure in a region of economic miracles, the Philippines offers investors a strange paradox.","A basket case is something in a hopeless, dysfunctional state, contrasting the Philippines with its thriving neighbours.","A CONSPICUOUS outstanding success in a region of economic miracles, the Philippines offers investors a strange paradox.","A basket case is something in a hopeless state, but the sentence describes success, which also removes the contrast the sentence sets up."
beat swords into ploughshares,"The ancestral organs did not literally change themselves into the descendant organs, like swords being beaten into ploughshares.","The ancestral organs did not literally change themselves into the descendant organs, like weapons being converted to peaceful tools.",To beat swords into ploughshares means to convert instruments of war into instruments of peace.,"The ancestral organs did not literally change themselves into the descendant organs, like peaceful tools being converted to weapons.","The idiom means converting weapons into tools, but the sentence reverses the direction."
beg the question,"As far as the humanity / animality issue is concerned, this begs the question.","As far as the humanity / animality issue is concerned, this assumes the very point at issue.","To beg the question means to take for granted the thing that needs proving, which is the flaw identified.","As far as the humanity / animality issue is concerned, this settles the matter conclusively.","To beg the question means assuming what needs to be proved, but the sentence claims the matter is resolved."
behind bars,"A STARK, uncertain future awaits the convicted paramilitary enemies who became lovers by letter behind bars.","A STARK, uncertain future awaits the convicted paramilitary enemies who became lovers by letter while in prison.","Behind bars means in prison, which fits the description of convicted prisoners corresponding by letter.","A STARK, uncertain future awaits the convicted paramilitary enemies who became lovers by letter while living freely at home.","Behind bars means being in prison, but the sentence places them at liberty, which conflicts with their conviction."
behind closed doors,"Another has been put forward behind closed doors by AXA, France's second-biggest insurance company.","Another has been put forward in private by AXA, France's second-biggest insurance company.","Behind closed doors means done privately and out of public view, describing how the proposal was made.","Another has been put forward at a well-publicised open meeting by AXA, France's second-biggest insurance company.","Behind closed doors means done in private, but the sentence describes a public and widely reported event."
behind someone's back,How would you feel if someone said that about you behind your back?,How would you feel if someone said that about you without your knowledge?,"Behind someone's back means doing something secretly without them knowing, describing the hurtful remark.",How would you feel if someone said that about you directly to your face?,"Behind someone's back means saying something secretly, but the sentence describes an open confrontation."
behind the curve,"Politicians, in contrast, are failing Europe by being forever behind the curve.","Politicians, in contrast, are failing Europe by being forever slower than events require.","Behind the curve means lagging behind developments, the failure attributed to politicians.","Politicians, in contrast, are failing Europe by being forever ahead of what events require.","Behind the curve means lagging behind, but the sentence describes anticipating events."
behind the scenes,"Outwardly it's as wealthy as ever, but behind the scenes the reality for some can be very different.","Outwardly it's as wealthy as ever, but out of public view the reality for some can be very different.","Behind the scenes means what happens privately rather than in public, which is the contrast the sentence draws.","Outwardly it's as wealthy as ever, but in full public view the reality for some can be very different.","Behind the scenes means hidden from public view, but the sentence places the reality on open display, collapsing the contrast."
bells and whistles,"It has all of the facilities you need, and a few nice bells and whistles thrown in.","It has all of the facilities you need, and a few nice non-essential extras thrown in.","Bells and whistles are attractive but non-essential features, added beyond the necessities.","It has all of the facilities you need, and a few nice absolute necessities thrown in.","Bells and whistles are non-essential extras, but the sentence calls them essential, contradicting the contrast with the facilities you need."
below par,But performances have been consistently below par for too long and drastic action needs to be taken.,But performances have been consistently worse than the expected standard for too long and drastic action needs to be taken.,"Below par means falling short of the usual or expected standard, which is why drastic action is called for.",But performances have been consistently better than the expected standard for too long and drastic action needs to be taken.,"Below par means falling short of the expected standard, but the sentence describes exceeding it, which would not call for drastic action."
below the belt,"Whichever camp you are in, the same celestial advice will apply — hit below the belt.","Whichever camp you are in, the same celestial advice will apply — fight unfairly.","To hit below the belt means to attack in an unfair or dishonourable way, which is the advice being given.","Whichever camp you are in, the same celestial advice will apply — fight with scrupulous fairness.","To hit below the belt means fighting unfairly, but the sentence advises strict fairness instead."
belt and braces,"It was sealed with Sellotape and staples, a real belt and braces job.","It was sealed with Sellotape and staples, a real doubly-secured job.","Belt and braces means using two safeguards where one would do, matching the use of both tape and staples.","It was sealed with Sellotape and staples, a real bare-minimum job.","Belt and braces means taking more precautions than strictly necessary, but the sentence describes doing the least possible."
bend someone's ear,She regularly bent Minton's ear with her problems and he in turn did take-offs of her doing this.,She regularly talked at length to Minton about her problems and he in turn did take-offs of her doing this.,"To bend someone's ear means to talk to them at tedious length, which explains the mockery.",She regularly said nothing at all to Minton about her problems and he in turn did take-offs of her doing this.,"The idiom means talking at length, but the sentence describes silence, which would leave nothing to imitate."
beside yourself,"You are beside yourself! he uttered, stepping involuntarily backwards.","You are overwhelmed past all self-control! he uttered, stepping involuntarily backwards.",Beside yourself means being so overcome by emotion that you lose composure.,"You are entirely calm and collected! he uttered, stepping involuntarily backwards.","The idiom means losing composure, but the sentence describes calm, which the backward step contradicts."
between a rock and a hard place,She was caught between a rock and a hard place — with no obvious way out.,She was caught between two equally bad options — with no obvious way out.,"Between a rock and a hard place means facing a choice between two undesirable options, which explains why there was no way out.",She was caught between two equally appealing options — with no obvious way out.,"Between a rock and a hard place means being stuck between two bad choices, but the sentence describes both options as attractive."
big hitter,The big hitters were content to wait until 1996.,The most influential players were content to wait until 1996.,A big hitter means a person or organisation of major influence.,The most insignificant players were content to wait until 1996.,"A big hitter means someone influential, but the sentence describes minor figures."
birds of a feather,"She's told them what to do, birds of a feather.","She's told them what to do, people of exactly the same type.","Birds of a feather refers to people who are alike and naturally group together, characterising her and the others.","She's told them what to do, people of utterly opposite character.","Birds of a feather refers to people who resemble one another, but the sentence describes them as completely dissimilar."
bite off more than you can chew,There's always the danger of biting off more than you can chew.,There's always the danger of taking on more than you can manage.,"To bite off more than you can chew means to undertake more than you are able to handle, which is the danger described.",There's always the danger of taking on far less than you could easily manage.,"To bite off more than you can chew means taking on too much, but the sentence describes taking on too little."
bite someone's head off,Not two minutes in his company and she was biting his head off.,Not two minutes in his company and she was snapping at him angrily.,"To bite someone's head off means to respond with sudden sharp anger, describing how quickly she turned on him.",Not two minutes in his company and she was speaking to him with gentle patience.,"To bite someone's head off means responding with sharp anger, but the sentence describes a calm and gentle manner."
bite the bullet,"Shouldn't we bite the bullet now and legislate, as many are suggesting?","Shouldn't we face the unpleasant task now and legislate, as many are suggesting?","To bite the bullet means to force yourself to do something difficult you have been avoiding, which legislating would mean.","Shouldn't we keep postponing the unpleasant task and legislate, as many are suggesting?","To bite the bullet means facing a difficult task head on, but the sentence describes continued delay."
bite your tongue,You're not meant to bite your tongue like that.,You're not meant to hold back what you want to say like that.,"To bite your tongue means to stop yourself from speaking, which is the behaviour being commented on.",You're not meant to blurt out everything you think like that.,"To bite your tongue means staying silent, but the sentence describes speaking freely."
bits and bobs,"No it's not full, it was just bits and bobs.","No it's not full, it was just assorted small odds and ends.","Bits and bobs means a miscellaneous assortment of small items, explaining why the container was not full.","No it's not full, it was just a few large bulky items.","Bits and bobs means small miscellaneous items, but the sentence describes large bulky objects."
black and blue,When Clark took off his shirt he had black-and-blue bruises over his shoulders and arm.,When Clark took off his shirt he had severely discoloured bruises over his shoulders and arm.,"Black and blue describes skin badly bruised and discoloured, matching the marks on his shoulders.",When Clark took off his shirt he had faint and barely visible bruises over his shoulders and arm.,"Black and blue means severely bruised, but the sentence describes marks that are hardly noticeable."
blaze a trail,Elise had blazed a talented trail to an art college four years before Merrill took up secretarial training.,Elise had been the first to make a talented path to an art college four years before Merrill took up secretarial training.,"To blaze a trail means to be the first to do something, opening the way for others, which is Elise's role here.",Elise had followed a well-worn talented path to an art college four years before Merrill took up secretarial training.,"To blaze a trail means being first, but the sentence describes following a route others had already established."
blood and guts,GIANT-KILLERS Yeovil became the most successful non-League club in FA Cup history in this blood and guts seven-goal thriller.,GIANT-KILLERS Yeovil became the most successful non-League club in FA Cup history in this fiercely committed seven-goal thriller.,"Blood and guts describes a contest fought with raw determination, matching a seven-goal thriller.",GIANT-KILLERS Yeovil became the most successful non-League club in FA Cup history in this tame and bloodless seven-goal thriller.,"Blood and guts means fierce commitment, but the sentence describes a lifeless match, which no thriller would be."
blood and thunder,"Meredith told him twice to give it a bit more blood and thunder, but it wasn't in him.","Meredith told him twice to give it a bit more dramatic force, but it wasn't in him.","Blood and thunder means violent, melodramatic energy in a performance, which Meredith wanted more of.","Meredith told him twice to give it a bit more quiet restraint, but it wasn't in him.","Blood and thunder means loud dramatic energy, but the sentence asks for subdued delivery instead."
blood is thicker than water,"'Blood is thicker than water,' he had replied.","'Family loyalty outweighs all other bonds,' he had replied.","Blood is thicker than water means family ties matter more than other relationships, which is the point he is making.","'Friendship matters far more than any family tie,' he had replied.","Blood is thicker than water means family bonds take priority, but the sentence ranks friendship above family."
blow a gasket,'I blew every gasket in my head!' he admitted deeply.,'I lost my temper completely!' he admitted deeply.,"To blow a gasket means to lose one's temper violently, which is what he is admitting to.",'I stayed perfectly composed throughout!' he admitted deeply.,"To blow a gasket means losing your temper, but the sentence describes remaining calm."
blow hot and cold,"Yes, so sometimes it has a tendency to seem like you're blowing hot and cold.","Yes, so sometimes it has a tendency to seem like you're constantly changing your attitude.","To blow hot and cold means to alternate between enthusiasm and indifference, which is how the behaviour appears.","Yes, so sometimes it has a tendency to seem like you're holding a perfectly steady attitude.","To blow hot and cold means alternating unpredictably, but the sentence describes unwavering consistency."
blow someone's cover,"If this has blown my cover, you may not hear from me again.","If this has exposed my secret identity, you may not hear from me again.","To blow someone's cover means to reveal their concealed identity, which would explain the danger he faces.","If this has further concealed my secret identity, you may not hear from me again.","To blow someone's cover means revealing a hidden identity, but the sentence describes it being hidden more deeply."
blow someone's mind,"Even the pop posters were old, they blew my mind with boredom.","Even the pop posters were old, they overwhelmed me with boredom.","To blow someone's mind means to overwhelm or astonish them, here applied ironically to boredom.","Even the pop posters were old, they left me entirely unaffected by boredom.","To blow someone's mind means overwhelming them, but the sentence describes having no effect at all."
bob's your uncle,"You can say: the sea was like blue glass, the sand like fine powder, and Bob's your uncle.","You can say: the sea was like blue glass, the sand like fine powder, and there you have it.",Bob's your uncle marks a result achieved simply and without further effort.,"You can say: the sea was like blue glass, the sand like fine powder, and much hard work remains.","The phrase signals easy completion, but the sentence describes unfinished labour."
body blow,The use of her own words against her was a body blow and she looked away.,The use of her own words against her was a devastating setback and she looked away.,"A body blow is a severe shock or setback, describing the effect of hearing her own words turned against her.",The use of her own words against her was a minor irritation and she looked away.,"A body blow is a severe blow, but the sentence reduces it to a trivial annoyance."
born and bred,"He had been born and bred on the river, but had never seen anything like it before.","He had been born and raised entirely on the river, but had never seen anything like it before.","Born and bred means born and brought up in a particular place, describing his lifelong connection to the river.","He had been a recent arrival to the river, but had never seen anything like it before.","Born and bred means having lived somewhere since birth, but the sentence describes him as a newcomer."
bow and scrape,"Come, come, my lords! he murmured, bowing and scraping before us.","Come, come, my lords! he murmured, behaving with excessive deference before us.","To bow and scrape means to show exaggerated, servile politeness.","Come, come, my lords! he murmured, behaving with open contempt before us.","The idiom means excessive deference, but the sentence describes disrespect."
boys in blue,I can tell you the boys in blue are pleased you've turned up.,I can tell you the police are pleased you've turned up.,"The boys in blue is an informal term for the police, referring to those glad of his arrival.",I can tell you the local shopkeepers are pleased you've turned up.,"The boys in blue refers to the police, but the sentence substitutes an unrelated group."
boys will be boys,"That, and a few water spouts, but then boys will be boys.","That, and a few water spouts, but then boisterous behaviour is only to be expected of them.",Boys will be boys excuses rowdy behaviour as natural and unsurprising.,"That, and a few water spouts, but then such behaviour is utterly unheard of from them.","The phrase treats the behaviour as expected, but the sentence calls it unprecedented."
brass neck,That certainly qualifies him for a prize for brass neck.,That certainly qualifies him for a prize for shameless nerve.,"Brass neck means bold, shameless cheek, which is what he is being sarcastically credited with.",That certainly qualifies him for a prize for timid modesty.,"Brass neck means shameless boldness, but the sentence describes shyness and restraint."
bread and circuses,So with football and politics as the bread and circuses of our decadent empire — whither religion?,So with football and politics as the cheap distractions of our decadent empire — whither religion?,Bread and circuses refers to superficial entertainment used to keep a population content and unquestioning.,So with football and politics as the demanding civic duties of our decadent empire — whither religion?,"Bread and circuses means shallow distraction, but the sentence describes serious obligations instead."
break cover,Nobody was looking at the thicket at the moment the wounded cow broke cover.,Nobody was looking at the thicket at the moment the wounded cow emerged from hiding.,"To break cover means to leave a place of concealment, which is what the cow did at that moment.",Nobody was looking at the thicket at the moment the wounded cow settled deeper into hiding.,"To break cover means coming out of hiding, but the sentence describes the cow concealing itself further."
break even,Any gang member who regularly fails to break even or achieve a surplus would be laid off.,Any gang member who regularly fails to cover his costs exactly or achieve a surplus would be laid off.,"To break even means to take in exactly as much as was spent, with neither profit nor loss, the minimum standard here.",Any gang member who regularly fails to make a large profit or achieve a surplus would be laid off.,"To break even means merely covering costs, but the sentence raises the bar to substantial profit, making the mention of a surplus redundant."
break new ground,"Although overdue, two elements of the bill can properly claim to be breaking new ground.","Although overdue, two elements of the bill can properly claim to be doing something entirely unprecedented.","To break new ground means to do something never done before, which is the claim made for the bill.","Although overdue, two elements of the bill can properly claim to be repeating well-established practice.","To break new ground means doing something unprecedented, but the sentence describes familiar practice being repeated."
break ranks,Some officers broke ranks and were met with a volley of stones.,Some officers abandoned the agreed formation and were met with a volley of stones.,"To break ranks means to leave the ordered line or depart from a group's agreed position, which is what the officers did.",Some officers held the agreed formation tightly and were met with a volley of stones.,"To break ranks means departing from the group's formation, but the sentence describes the officers maintaining it."
break someone's heart,For this surely would have broken his heart — he loved us so much.,For this surely would have caused him overwhelming grief — he loved us so much.,"To break someone's heart means to cause them deep emotional pain, which follows from how much he loved them.",For this surely would have left him entirely unmoved — he loved us so much.,"To break someone's heart means causing deep grief, but the sentence describes indifference, which sits oddly with his love."
break the back of,"Pouring over its latest simulation runs, Sun is confident it has broken the back of the technical problem.","Pouring over its latest simulation runs, Sun is confident it has overcome the hardest part of the technical problem.","To break the back of something means to complete its most difficult portion, which is Sun's claim.","Pouring over its latest simulation runs, Sun is confident it has barely started on the technical problem.","To break the back of something means finishing the hardest part, but the sentence describes hardly having begun, conflicting with the confidence expressed."
break the ice,He doesn't have to break any ice because they're all pals.,He doesn't have to ease any initial awkwardness because they're all pals.,"To break the ice means to relieve the awkwardness of a first meeting, which is unnecessary among friends.",He doesn't have to deepen the existing awkwardness because they're all pals.,"To break the ice means relieving awkwardness, but the sentence describes making it worse."
breathe down someone's neck,As they rounded the last corner the leaders had the main field breathing down their necks.,As they rounded the last corner the leaders had the main field pressing closely behind them.,"To breathe down someone's neck means to follow uncomfortably close behind, describing the field's position at the corner.",As they rounded the last corner the leaders had the main field trailing far out of sight behind them.,"To breathe down someone's neck means following very close behind, but the sentence places the field a long way back."
bum steer,All he gets are these one-liners and bum steers and cheerful shrugs that may or may not be disingenuous.,All he gets are these one-liners and misleading pieces of advice and cheerful shrugs that may or may not be disingenuous.,A bum steer means false or misleading guidance.,All he gets are these one-liners and thoroughly reliable pieces of advice and cheerful shrugs that may or may not be disingenuous.,"A bum steer means bad guidance, but the sentence describes dependable advice, which would not be disingenuous."
bundle of joy,He tossed the bundle of joy to Rex.,He tossed the newborn baby to Rex.,"A bundle of joy means a new baby, used here with grim incongruity.",He tossed the worn-out old rag to Rex.,"A bundle of joy means a baby, but the sentence substitutes a worthless object."
burst someone's bubble,But she refused to allow his surliness to burst her bubble of well-being.,But she refused to allow his surliness to destroy her happy state of well-being.,"To burst someone's bubble means to spoil their happiness or optimism, which she refused to let happen.",But she refused to allow his surliness to strengthen her happy state of well-being.,"To burst someone's bubble means spoiling a good mood, but the sentence describes it improving her mood."
bury the hatchet,"After the race, the two men met and sensibly buried the hatchet.","After the race, the two men met and sensibly made peace.","To bury the hatchet means to end a quarrel and become friendly again, which is what the two men did.","After the race, the two men met and sensibly renewed their quarrel.","To bury the hatchet means ending a dispute, but the sentence describes the dispute being revived."
buy time,Appeasement caused by blindness was followed by delaying tactics and doublespeak intended to buy time.,Appeasement caused by blindness was followed by delaying tactics and doublespeak intended to gain a postponement.,"To buy time means to create delay in order to gain more time, which is the purpose of the tactics described.",Appeasement caused by blindness was followed by delaying tactics and doublespeak intended to force an immediate decision.,"To buy time means creating delay, but the sentence describes hurrying matters along, which conflicts with the delaying tactics."
by a long chalk,"Mrs Cole isn't one of the worst cases I've seen, by a long chalk.","Mrs Cole isn't one of the worst cases I've seen, by a very wide margin.","By a long chalk means by a great degree, emphasising how far from the worst her case is.","Mrs Cole isn't one of the worst cases I've seen, by the narrowest of margins.","By a long chalk means by a large margin, but the sentence reduces it to a tiny difference."
by a long shot,"He had not told Rory everything, not by a long shot.","He had not told Rory everything, not by a very wide margin.","By a long shot means by a great degree, emphasising how much he left unsaid.","He had not told Rory everything, though only by the smallest possible margin.","By a long shot means by a large degree, but the sentence reduces the gap to almost nothing."
by and large,"By and large, the same people are still in positions of power in those authorities.","In general, the same people are still in positions of power in those authorities.","By and large means generally speaking or on the whole, qualifying the claim about who holds power.","In one exceptional case only, the same people are still in positions of power in those authorities.","By and large means something is generally true, but the sentence restricts it to a single exception."
by dint of,"At times, by dint of heroic effort, the Elves achieved a breathing space and cleared their lands.","At times, by means of heroic effort, the Elves achieved a breathing space and cleared their lands.","By dint of means through the force or agency of something, here heroic effort.","At times, in spite of heroic effort, the Elves achieved a breathing space and cleared their lands.","By dint of means because of something, but the sentence makes the effort an obstacle instead."
by heart,"Having heard it so many times, I can recite the poem by heart now.","Having heard it so many times, I can recite the poem entirely from memory now.","By heart means from memory without needing the text, which is the result of hearing it so often.","Having heard it so many times, I can recite the poem only while reading from the page now.","By heart means reciting from memory, but the sentence describes needing the written text, which does not follow from repeated hearing."
by hook or by crook,"By hook or by crook, football is being called to account for the years of profligacy.","By whatever means prove necessary, football is being called to account for the years of profligacy.","By hook or by crook means by any means available, fair or otherwise, describing the determination to hold football to account.","By strictly proper means only, football is being called to account for the years of profligacy.","By hook or by crook means using any means, including improper ones, but the sentence restricts it to legitimate methods."
by leaps and bounds,"Meanwhile, my interest in classical music was increasing by leaps and bounds.","Meanwhile, my interest in classical music was increasing extremely rapidly.","By leaps and bounds means growing very quickly, describing how fast the interest developed.","Meanwhile, my interest in classical music was increasing almost imperceptibly.","By leaps and bounds means rapid growth, but the sentence describes barely noticeable change."
by no stretch of the imagination,Because by no stretch of the imagination would Ven ever come to love her!,Because under no possible circumstances would Ven ever come to love her!,"By no stretch of the imagination means something is impossible however generously you consider it, emphasising that Ven never would.","Because with only the slightest effort of imagination, Ven would come to love her!","By no stretch of the imagination means something is impossible to imagine, but the sentence presents it as easy to envisage."
by the back door,"In truth, Cabernet is beginning to creep in by the back door.","In truth, Cabernet is beginning to creep in through indirect and unofficial means.","By the back door means achieved indirectly or without proper approval, describing how Cabernet is spreading.","In truth, Cabernet is beginning to creep in through a formally announced process.","By the back door means arriving indirectly and unofficially, but the sentence describes an open official process, which conflicts with creeping in."
by the book,But the police had been called so everything had to be done by the book.,But the police had been called so everything had to be done in strict accordance with the rules.,"By the book means following the official rules exactly, which the presence of the police required.",But the police had been called so everything had to be done however seemed convenient at the time.,"By the book means following the rules exactly, but the sentence describes improvising freely, which the police's presence would discourage."
by the same token,"Space-time is therefore an extremely stiff medium, and by the same token small-amplitude waves carry large energies.","Space-time is therefore an extremely stiff medium, and for that same reason small-amplitude waves carry large energies.","By the same token means that what follows results from the same reasoning just given, linking stiffness to wave energy.","Space-time is therefore an extremely stiff medium, and for a completely unrelated reason small-amplitude waves carry large energies.","By the same token signals that the same reasoning applies, but the sentence severs the connection between the two claims."
call it a day,"By the end of the season, Moores' partners called it a day.","By the end of the season, Moores' partners decided to stop for good.","To call it a day means to stop doing something, especially for good, which is what the partners decided.","By the end of the season, Moores' partners committed to carrying on indefinitely.","To call it a day means to stop, but the sentence describes a decision to continue."
call it quits,Give us them two back and we'll call it quits.,Give us them two back and we'll consider the matter settled.,"To call it quits means to agree a debt or dispute is finished, which is the offer being made.",Give us them two back and we'll consider the dispute still wide open.,"To call it quits means treating the matter as settled, but the sentence leaves the dispute unresolved, which removes the point of the offer."
call someone's bluff,"Whatever power had deranged his senses, its bluff was called when he made contact with her.","Whatever power had deranged his senses, its empty threat was exposed when he made contact with her.","To call someone's bluff means to challenge a threat you believe is hollow, forcing it to be proved, which contact achieved.","Whatever power had deranged his senses, its genuine strength was confirmed when he made contact with her.","To call someone's bluff means exposing a threat as empty, but the sentence describes the power proving real."
call the shots,"As a Taurean, you work well with others as long as it is you who calls the shots.","As a Taurean, you work well with others as long as it is you who makes the decisions.","To call the shots means to be the one in control of decisions, which is the condition described.","As a Taurean, you work well with others as long as it is you who follows their instructions.","To call the shots means being the one in charge, but the sentence describes taking orders from others."
call the tune,How far should he who pays the piper call the tune?,How far should he who pays the piper decide what happens?,"To call the tune means to be the one who dictates what is done, which is what paying for something is said to entitle you to.",How far should he who pays the piper defer to everyone else's wishes?,"To call the tune means dictating what happens, but the sentence describes yielding control to others."
carrot and stick,"Until recently, this combination of carrots and sticks functioned effectively.","Until recently, this combination of rewards and punishments functioned effectively.","Carrot and stick refers to using reward and punishment together to motivate, which is the combination described.","Until recently, this policy of offering rewards with no consequences functioned effectively.","Carrot and stick means combining reward with punishment, but the sentence removes the punishment side entirely."
carry a torch for,But all the time he himself was carrying his own torch for a lost love.,But all the time he himself was still secretly devoted to a lost love.,"To carry a torch for someone means to go on loving them from afar, describing his lasting attachment.",But all the time he himself was entirely indifferent to a lost love.,"To carry a torch means remaining in love with someone, but the sentence describes complete indifference."
carry the can,"Just her to carry the can, the prerogative of natural leaders of men.","Just her to take the blame, the prerogative of natural leaders of men.","To carry the can means to accept blame for something that went wrong, which falls to her.","Just her to receive the credit, the prerogative of natural leaders of men.","To carry the can means taking the blame, but the sentence describes receiving praise instead."
carry the day,The anti Hunt campaigners believe they have enough to carry the day tomorrow.,The anti Hunt campaigners believe they have enough to win tomorrow.,"To carry the day means to win or prevail in a contest, which is what the campaigners expect.",The anti Hunt campaigners believe they have enough to lose narrowly tomorrow.,"To carry the day means to prevail, but the sentence describes defeat."
cast pearls before swine,Or is it that you think so highly of her that you can't bring yourself to cast her pearls before swine?,Or is it that you think so highly of her that you can't bring yourself to offer something valuable to those unable to appreciate it?,To cast pearls before swine means to offer something fine to people incapable of valuing it.,Or is it that you think so highly of her that you can't bring yourself to offer something worthless to those who would treasure it?,"The idiom means wasting something valuable on the unappreciative, but the sentence reverses both halves."
cast the first stone,"Let he who is without sin cast the first stone, I may be hearing you say.","Let he who is without sin be the first to accuse, I may be hearing you say.","To cast the first stone means to be the first to accuse or condemn someone, reserved here for the blameless.","Let he who is without sin be the last to offer forgiveness, I may be hearing you say.","To cast the first stone means being first to condemn, but the sentence turns it into a matter of withholding forgiveness."
cast your mind back,Q: Cast your mind back: what built that young body of yours?,Q: Think back to the past: what built that young body of yours?,"To cast your mind back means to recall an earlier time, which is what the question asks the reader to do.",Q: Look ahead to the future: what built that young body of yours?,"To cast your mind back means recalling the past, but the sentence directs attention forward, conflicting with asking what already happened."
catch a cold,They certainly caught a cold with Preston at the weekend … rather generous in defeat.,They certainly suffered a costly setback with Preston at the weekend … rather generous in defeat.,"To catch a cold means to suffer a financial or competitive loss, matching the defeat described.",They certainly enjoyed a comfortable triumph with Preston at the weekend … rather generous in defeat.,"To catch a cold means suffering a loss, but the sentence describes an easy win, which conflicts with the defeat mentioned."
catch someone's eye,Marcus caught his eye and spread his hands in confusion.,Marcus attracted his attention and spread his hands in confusion.,"To catch someone's eye means to attract their attention, which Marcus did before gesturing.",Marcus escaped his notice entirely and spread his hands in confusion.,"To catch someone's eye means attracting attention, but the sentence describes going unnoticed, which makes the gesture pointless."
catch the sun,Before his eyes dull muddy grass turned into soft reflective banks which caught the sun a thousand ways.,Before his eyes dull muddy grass turned into soft reflective banks which caught the light a thousand ways.,"To catch the sun here means to reflect sunlight, matching the description of the banks becoming reflective.",Before his eyes dull muddy grass turned into soft reflective banks which blocked out all light entirely.,"To catch the sun means to reflect sunlight, but the sentence describes light being shut out, contradicting the reflective banks."
chew the fat,"They're just sitting around in their warm staff-rooms, chewing the fat, while the kids are sent home.","They're just sitting around in their warm staff-rooms, chatting idly, while the kids are sent home.",To chew the fat means to talk casually at length.,"They're just sitting around in their warm staff-rooms, working intently, while the kids are sent home.","The idiom means idle chat, but the sentence describes hard work, which the complaint contradicts."
child's play,Standing on a stage in front of hundreds of people was child's play compared to this.,Standing on a stage in front of hundreds of people was extremely easy compared to this.,"Child's play means something very easy to do, used to show how much harder the present situation is.",Standing on a stage in front of hundreds of people was extraordinarily difficult compared to this.,"Child's play means something very easy, but the sentence calls it difficult, which destroys the comparison."
chop and change,It's not a bad idea to chop and change if you get stuck.,It's not a bad idea to keep switching your approach if you get stuck.,"To chop and change means to keep altering what you are doing, offered here as a remedy for being stuck.",It's not a bad idea to stick rigidly to one approach if you get stuck.,"To chop and change means repeatedly switching approach, but the sentence advises never varying it."
claim to fame,"However, this claim to fame means NT really offers no new desktop innovations.","However, this one distinguishing achievement means NT really offers no new desktop innovations.","A claim to fame is the single thing something is notable for, which here is all NT has to offer.","However, this complete lack of any achievement means NT really offers no new desktop innovations.","A claim to fame is a notable achievement, but the sentence describes having none at all."
clean as a whistle,I'm clean as a whistle and soon I'm coming home to you.,I'm entirely free of any wrongdoing and soon I'm coming home to you.,"Clean as a whistle means having nothing to be blamed for, which is the assurance being given.",I'm deeply implicated in wrongdoing and soon I'm coming home to you.,"Clean as a whistle means being free of blame, but the sentence admits guilt."
clean house,"Indeed, the Kursk crisis may provide him with an opportunity to further clean house in the military.","Indeed, the Kursk crisis may provide him with an opportunity to further remove unwanted personnel in the military.","To clean house means to get rid of people or practices considered undesirable, which the crisis would enable.","Indeed, the Kursk crisis may provide him with an opportunity to further protect every existing post in the military.","To clean house means removing unwanted people, but the sentence describes shielding everyone from removal."
clear as mud,"What this really means, of course, is still as clear as mud.","What this really means, of course, is still thoroughly incomprehensible.","Clear as mud is ironic for something entirely unclear, the verdict on the meaning.","What this really means, of course, is still perfectly transparent.","Clear as mud ironically means unclear, but the sentence describes genuine clarity."
clear the decks,No I'm trying to clear the decks before christmas.,No I'm trying to finish off outstanding work before christmas.,"To clear the decks means to get everything out of the way in preparation for what comes next, here the Christmas period.",No I'm trying to take on extra commitments before christmas.,"To clear the decks means clearing away work in preparation, but the sentence describes adding to the workload."
close call,"If you are a Swindon fan, you're biased of course, but it was a close call.","If you are a Swindon fan, you're biased of course, but it was very finely balanced.","A close call means something decided by the narrowest margin, hence the appeal to bias.","If you are a Swindon fan, you're biased of course, but it was utterly one-sided.","A close call means a narrow margin, but the sentence describes a clear result, which bias could not sway."
close ranks,"When push comes to shove, a family will close ranks to protect one of their own.","When push comes to shove, a family will unite defensively to protect one of their own.","To close ranks means to join together against outside criticism, which is how the family protects its member.","When push comes to shove, a family will scatter in different directions to protect one of their own.","To close ranks means uniting together, but the sentence describes the family breaking apart, which would not protect anyone."
close shave,"Now the challenge is complete, he is considering a close shave, probably in the name of charity.","Now the challenge is complete, he is considering a very narrow escape, probably in the name of charity.","A close shave means a narrow escape from danger, punned here on shaving for charity.","Now the challenge is complete, he is considering a wide margin of safety, probably in the name of charity.","A close shave means a narrow escape, but the sentence describes ample safety, which loses the pun."
close to home,One such problem is particularly close to home for many of my Gravesham constituents.,One such problem is particularly personally affecting for many of my Gravesham constituents.,"Close to home means touching on someone's own life and circumstances, describing how the problem affects constituents.",One such problem is particularly remote and abstract for many of my Gravesham constituents.,"Close to home means personally affecting, but the sentence describes the problem as distant from people's lives."
clutch at straws,"'Maybe I am clutching at straws, scraping the bottom of the barrel?","'Maybe I am making a desperate last attempt, scraping the bottom of the barrel?","To clutch at straws means to try anything in desperation, which fits the self-doubt being expressed.","'Maybe I am pursuing a highly promising option, scraping the bottom of the barrel?","To clutch at straws means a desperate last resort, but the sentence describes a strong option, which conflicts with scraping the barrel."
cog in the machine,"Nature is a reality independent of mind, man is in fact only a small cog in the machine.","Nature is a reality independent of mind, man is in fact only a minor part of a larger system.","A cog in the machine means an individual who is only a small component of something much bigger, which is man's place here.","Nature is a reality independent of mind, man is in fact the controlling force of the whole system.","A cog in the machine means being an insignificant component, but the sentence puts man in overall command."
cold comfort,It is actually much easier than appearances would suggest — cold comfort when it looks impossible!,It is actually much easier than appearances would suggest — poor consolation when it looks impossible!,"Cold comfort means reassurance that does little to help, which is how the encouragement lands when the task seems impossible.",It is actually much easier than appearances would suggest — enormous reassurance when it looks impossible!,"Cold comfort means consolation that helps very little, but the sentence describes it as deeply reassuring."
cold feet,The groom was getting cold feet just minutes before the wedding.,The groom was losing his nerve just minutes before the wedding.,"To get cold feet means to become nervous and hesitant about something you have committed to, which fits the timing before the wedding.",The groom was growing steadily more confident just minutes before the wedding.,"To get cold feet means losing your nerve, but the sentence describes increasing confidence."
come a cropper,All in case his own knight came a cropper and he had to change horses in mid stream.,All in case his own knight suffered a bad fall and he had to change horses in mid stream.,"To come a cropper means to fail badly or suffer a heavy fall, which would force the change of horses.",All in case his own knight performed flawlessly and he had to change horses in mid stream.,"To come a cropper means failing badly, but the sentence describes faultless performance, which would give no reason to change horses."
come clean,BUCKINGHAM Palace still refused to come clean last night on the Di smear letter.,BUCKINGHAM Palace still refused to tell the full truth last night on the Di smear letter.,"To come clean means to admit the truth about something concealed, which the Palace declined to do.",BUCKINGHAM Palace still refused to conceal any detail last night on the Di smear letter.,"To come clean means admitting the truth, but the sentence describes a refusal to hide anything, which reverses the accusation."
come full circle,"Only a classic endures, and sooner or later the fashion comes full circle.","Only a classic endures, and sooner or later the fashion returns to where it started.","To come full circle means to return to the original position after a series of changes, which is what fashion does.","Only a classic endures, and sooner or later the fashion moves permanently away from where it started.","To come full circle means returning to the beginning, but the sentence describes fashion never coming back."
come of age,The heritage language issue was a signal that Canada's non-Anglo immigrant communities were coming of age.,The heritage language issue was a signal that Canada's non-Anglo immigrant communities were reaching full maturity.,"To come of age means to reach a stage of full development and recognition, which the issue signalled.",The heritage language issue was a signal that Canada's non-Anglo immigrant communities were still in their infancy.,"To come of age means reaching maturity, but the sentence describes the communities as undeveloped."
come out in the wash,It'll come out in the wash I guess!,It'll all sort itself out in the end I guess!,To come out in the wash means that difficulties will resolve themselves in time.,It'll stay permanently unresolved I guess!,"The idiom means things will resolve, but the sentence says they never will."
come out of your shell,But now you should come out of your shell.,But now you should become less shy and more outgoing.,To come out of your shell means to overcome reserve and be more sociable.,But now you should become far more withdrawn and guarded.,"The idiom means becoming more outgoing, but the sentence advises greater reserve."
come to a head,"Well, that was when it had all come to a head.","Well, that was when it had all reached its critical point.","To come to a head means to reach the moment when a building situation must be resolved, which is the moment referred to.","Well, that was when it had all quietly faded away.","To come to a head means reaching a crisis point, but the sentence describes the situation dissolving without one."
come to grief,Then might not the rotting stump of the tree split under their weight and they come to grief?,Then might not the rotting stump of the tree split under their weight and they meet with disaster?,"To come to grief means to suffer an accident or failure, which is the risk posed by the rotting stump.",Then might not the rotting stump of the tree split under their weight and they land entirely unharmed?,"To come to grief means suffering harm, but the sentence describes escaping without injury, which removes the danger being raised."
come to grips with,I had to come to grips with a lot of things in a hurry.,I had to begin dealing seriously with a lot of things in a hurry.,"To come to grips with something means to start confronting a difficulty properly, which the speaker had to do quickly.",I had to keep avoiding a lot of things in a hurry.,"To come to grips with something means confronting it, but the sentence describes evasion."
come to mind,What comes to mind when you think about having fun?,What occurs to you when you think about having fun?,"To come to mind means for a thought to occur to you, which is what the question asks about.",What escapes you completely when you think about having fun?,"To come to mind means a thought occurring, but the sentence asks about what fails to occur."
come to terms with,Merrill was still trying to come to terms with this reversal of her convictions.,Merrill was still trying to accept and adjust to this reversal of her convictions.,"To come to terms with something means to gradually accept a difficult reality, which Merrill was working towards.",Merrill was still trying to reject and undo this reversal of her convictions.,"To come to terms with something means accepting it, but the sentence describes fighting against it."
come to think of it,"Come to think of it, I could go to Bowness-on-Windermere till he was released.","Now that it occurs to me, I could go to Bowness-on-Windermere till he was released.","Come to think of it introduces something the speaker has only just realised, which is the plan being proposed.","As I have long since settled, I could go to Bowness-on-Windermere till he was released.","Come to think of it signals a sudden realisation, but the sentence presents the idea as long established."
come unstuck,"This cohesion came dramatically unstuck as a result of two developments, one theoretical and the other empirical.","This cohesion dramatically fell apart as a result of two developments, one theoretical and the other empirical.","To come unstuck means to fail or fall apart, which is what the two developments did to the cohesion.","This cohesion was dramatically reinforced as a result of two developments, one theoretical and the other empirical.","To come unstuck means falling apart, but the sentence describes the cohesion being strengthened."
come up roses,"She's been missing a week, was going to marry a rising Minister, successful career, everything coming up roses.","She's been missing a week, was going to marry a rising Minister, successful career, everything turning out beautifully.",To come up roses means for everything to turn out very well.,"She's been missing a week, was going to marry a rising Minister, successful career, everything falling apart badly.","The idiom means things turning out well, but the sentence describes collapse."
come up smelling of roses,I don't know why we drink so much and come up smelling of roses.,I don't know why we drink so much and emerge with our reputation intact.,"To come up smelling of roses means to emerge from a bad situation with your reputation undamaged, which is the puzzle described.",I don't know why we drink so much and emerge thoroughly disgraced.,"To come up smelling of roses means escaping with reputation intact, but the sentence describes public disgrace."
come with the territory,You need sunshine to ripen grapes and in England unpredicability comes with the territory.,You need sunshine to ripen grapes and in England unpredictability is an unavoidable part of the situation.,"To come with the territory means to be an inevitable part of a particular circumstance, which unpredictability is in England.",You need sunshine to ripen grapes and in England unpredictability is a rare and surprising exception.,"To come with the territory means being an inevitable feature, but the sentence treats it as unusual."
confirmed bachelor,"He was thirty-eight, and a confirmed bachelor, or so everyone thought.","He was thirty-eight, and settled in never marrying, or so everyone thought.",A confirmed bachelor means a man regarded as permanently disinclined to marry.,"He was thirty-eight, and eager to marry at once, or so everyone thought.","The phrase means someone settled against marriage, but the sentence describes eagerness to wed."
cook the books,Labour claim the health authorities have continually cooked the books to give more acceptable waiting list figures.,Labour claim the health authorities have continually falsified the accounts to give more acceptable waiting list figures.,"To cook the books means to alter records dishonestly, the accusation about waiting lists.",Labour claim the health authorities have continually kept scrupulous records to give more acceptable waiting list figures.,"The idiom means falsifying records, but the sentence describes honest accounting, which is no accusation."
cop a plea,Thought I was copping a plea on diminished responsibility.,Thought I was pleading guilty to a lesser charge on diminished responsibility.,To cop a plea means to accept a reduced charge rather than face trial.,Thought I was contesting every charge at trial on diminished responsibility.,"The idiom means accepting a lesser charge, but the sentence describes fighting all charges."
cost the earth,"A well planned, well made kitchen that doesn't cost the earth.","A well planned, well made kitchen that doesn't cost an enormous amount.","To cost the earth means to be extremely expensive, which the kitchen is said to avoid.","A well planned, well made kitchen that doesn't cost a trivial sum.","To cost the earth means being extremely expensive, but the sentence reverses the claim into one about cheapness."
couch potato,There is no mass audience of uncritical couch potatoes ready to be fobbed off with any old rubbish.,There is no mass audience of uncritical habitual television viewers ready to be fobbed off with any old rubbish.,A couch potato means someone who watches television passively for long periods.,There is no mass audience of uncritical marathon athletes ready to be fobbed off with any old rubbish.,"A couch potato means a sedentary viewer, but the sentence substitutes an unrelated active type."
count sheep,Dougal closed his eyes and tried counting sheep.,Dougal closed his eyes and tried the usual trick for falling asleep.,To count sheep means to use a repetitive mental exercise to induce sleep.,Dougal closed his eyes and tried the usual trick for staying awake.,"Counting sheep is a device for falling asleep, but the sentence turns it into one for staying awake."
count your blessings,Hardly a month goes by without an event having you uncorking the champagne or counting your remaining blessings.,Hardly a month goes by without an event having you uncorking the champagne or appreciating what good you still have.,"To count your blessings means to focus on what you still have to be grateful for, the consoling alternative to celebration.",Hardly a month goes by without an event having you uncorking the champagne or dwelling on everything you have lost.,"To count your blessings means appreciating what remains, but the sentence describes focusing on losses instead."
cramp someone's style,Don't let convention cramp your style when it comes to container gardening.,Don't let convention restrict your freedom of expression when it comes to container gardening.,"To cramp someone's style means to limit how freely they can act, which convention threatens to do.",Don't let convention expand your freedom of expression when it comes to container gardening.,"To cramp someone's style means restricting freedom, but the sentence describes convention increasing it."
cross the rubicon,On the way to political union we are now crossing the Rubicon.,On the way to political union we are now passing the point of no return.,"To cross the Rubicon means to take an irreversible step, which is how the progress towards union is characterised.",On the way to political union we are now taking an easily reversible step.,"To cross the Rubicon means taking an irreversible step, but the sentence describes one that can simply be undone."
crystal clear,"Even if Rainbow has entered the jaws of the enemy, the house rules regarding gender are crystal clear.","Even if Rainbow has entered the jaws of the enemy, the house rules regarding gender are completely unambiguous.","Crystal clear means perfectly plain and easy to understand, describing the house rules.","Even if Rainbow has entered the jaws of the enemy, the house rules regarding gender are hopelessly vague.","Crystal clear means perfectly unambiguous, but the sentence describes the rules as unclear."
cuckoo in the nest,"It's a shock to find you're a stranger in your family, a cuckoo in the nest.","It's a shock to find you're a stranger in your family, an outsider among your own.","A cuckoo in the nest is someone who does not belong among those raising them, matching the feeling of being a stranger at home.","It's a shock to find you're a stranger in your family, a perfectly natural fit among your own.","A cuckoo in the nest means someone who does not belong, but the sentence describes belonging completely, which contradicts being a stranger."
curiosity killed the cat,The townspeople had learned the hard way that curiosity killed the cat — you stayed indoors if there was trouble.,The townspeople had learned the hard way that prying brings danger — you stayed indoors if there was trouble.,"The saying warns that inquisitiveness leads to harm, which is why they stayed indoors.",The townspeople had learned the hard way that prying brings safety — you stayed indoors if there was trouble.,"The saying warns that curiosity is dangerous, but the sentence makes it protective, which would not keep anyone indoors."
cut corners,Men working on the site complained of pressure to cut corners to save time on the delayed project.,Men working on the site complained of pressure to skip proper procedures to save time on the delayed project.,"To cut corners means to do something imperfectly by leaving out steps, which is what the time pressure encouraged.",Men working on the site complained of pressure to follow every procedure exhaustively to save time on the delayed project.,"To cut corners means skipping steps to save time, but the sentence describes exhaustive thoroughness, which would not save time."
cut it fine,"Even with normal traffic, it was cutting it fine.","Even with normal traffic, it left barely enough time.","To cut it fine means to allow only the slimmest margin, here of time.","Even with normal traffic, it left an enormous margin of time.","To cut it fine means leaving little margin, but the sentence describes ample time."
cut no ice,The fact it was an out-of-character performance for this season cut no ice.,The fact it was an out-of-character performance for this season carried no weight.,"To cut no ice means to have no influence on someone's judgement, which the excuse failed to have.",The fact it was an out-of-character performance for this season proved wholly persuasive.,"To cut no ice means having no influence, but the sentence describes the point convincing everyone."
dead to the world,Seems like I been dead to the world for weeks!,Seems like I been deeply asleep and oblivious for weeks!,"Dead to the world means being so deeply asleep or unaware that nothing registers, which is the speaker's state.",Seems like I been wide awake and alert to everything for weeks!,"Dead to the world means being oblivious, but the sentence describes full alertness."
dead wood,'When he first came to Rangers there was a lot of dead-wood that needed to be sold.,'When he first came to Rangers there was a lot of useless surplus that needed to be sold.,"Dead wood means people or things that are no longer useful, which is what needed clearing out.",'When he first came to Rangers there was a lot of indispensable talent that needed to be sold.,"Dead wood means useless surplus, but the sentence describes essential players, which conflicts with needing to sell them."
deaf as a post,"Well, she used to sort of keep shop for him, she was deaf as a post!","Well, she used to sort of keep shop for him, she was completely unable to hear!","Deaf as a post means entirely unable to hear, describing the shopkeeper.","Well, she used to sort of keep shop for him, she had exceptionally sharp hearing!","Deaf as a post means being unable to hear, but the sentence describes acute hearing."
dice with death,But every day hundreds of ordinary workers dice with death to complete these essential tasks.,But every day hundreds of ordinary workers risk their lives to complete these essential tasks.,"To dice with death means to take grave risks with your life, describing what the work demands.",But every day hundreds of ordinary workers stay perfectly safe to complete these essential tasks.,"To dice with death means risking your life, but the sentence describes complete safety."
different strokes for different folks,But it is different strokes for different folks.,But different people simply prefer different things.,The saying means that tastes and needs vary legitimately from person to person.,But all people invariably prefer exactly the same things.,"The saying asserts variety in preferences, but the sentence claims uniformity."
dig deep,"It ranges from the triumphs to the turmoils, and digs deep into Gazza's private life.","It ranges from the triumphs to the turmoils, and investigates thoroughly into Gazza's private life.","To dig deep means to investigate something thoroughly, describing the depth of coverage.","It ranges from the triumphs to the turmoils, and touches only superficially on Gazza's private life.","To dig deep means investigating thoroughly, but the sentence describes a shallow treatment."
dig up dirt,He was enough of a prig to revel in disgracing any poor sod he dug up some real dirt about.,He was enough of a prig to revel in disgracing any poor sod he uncovered damaging secrets about.,To dig up dirt means to unearth discreditable information about someone.,He was enough of a prig to revel in disgracing any poor sod he uncovered flattering facts about.,"The idiom means finding damaging information, but the sentence describes flattering discoveries, which would not disgrace anyone."
do a bunk,I don't know if we'd have worried about that if we'd thought he'd done a bunk.,I don't know if we'd have worried about that if we'd thought he'd run away suddenly.,To do a bunk means to leave abruptly to escape something.,I don't know if we'd have worried about that if we'd thought he'd settled in permanently.,"The idiom means absconding, but the sentence describes staying put."
do a number on,The old house — Tod really did a number on it.,The old house — Tod really damaged it badly.,To do a number on something means to treat it roughly and cause harm.,The old house — Tod really restored it beautifully.,"The idiom means damaging something, but the sentence describes careful restoration."
do a runner,"But she was busy watching his feet, waiting for him to do a runner.","But she was busy watching his feet, waiting for him to flee suddenly.","To do a runner means to leave hurriedly to escape, which explains why she was watching his feet.","But she was busy watching his feet, waiting for him to settle in and stay.","To do a runner means fleeing suddenly, but the sentence describes him staying put."
do me a favour,But meantime you'd be doing me a favour if you didn't ring them either.,But meantime you'd be helping me out if you didn't ring them either.,"To do someone a favour means to do something helpful for them, which is what the request asks.",But meantime you'd be causing me real trouble if you didn't ring them either.,"To do someone a favour means helping them, but the sentence describes causing harm, which would make the request pointless."
do someone proud,He hoped the rest of the lads would do him proud.,He hoped the rest of the lads would give him cause for pride.,"To do someone proud means to perform so well that they feel proud of you, which is his hope for the team.",He hoped the rest of the lads would leave him deeply embarrassed.,"To do someone proud means making them proud, but the sentence describes causing embarrassment."
do the honours,Trygg Tryggvason does him full honours with both production and engineering.,Trygg Tryggvason performs the task properly for him with both production and engineering.,To do the honours means to perform a customary duty on someone's behalf.,Trygg Tryggvason neglects the task entirely for him with both production and engineering.,"The idiom means performing the duty, but the sentence describes neglecting it."
do the right thing,He's quite willing to do the right thing by the girl.,He's quite willing to act honourably by the girl.,"To do the right thing means to behave honourably towards someone, which is his stated willingness.",He's quite willing to act disgracefully by the girl.,"To do the right thing means acting honourably, but the sentence describes dishonourable behaviour."
do the trick,Behbehanian sincerely and deeply believed this would do the trick.,Behbehanian sincerely and deeply believed this would achieve the desired result.,"To do the trick means to accomplish exactly what was needed, which is what he believed would happen.",Behbehanian sincerely and deeply believed this would fall well short of the desired result.,"To do the trick means achieving what was needed, but the sentence describes falling short."
dog eat dog,And your self-esteem is just attacked by that dog-eat-dog system.,And your self-esteem is just attacked by that ruthlessly competitive system.,"Dog eat dog describes a situation of fierce, unforgiving competition, which is what damages self-esteem.",And your self-esteem is just attacked by that gently cooperative system.,"Dog eat dog means ruthless competition, but the sentence describes cooperation, which would not attack self-esteem."
dog in the manger,I think the idea of having numbers from each firm is really a dog in the manger attitude.,I think the idea of having numbers from each firm is really a spitefully obstructive attitude.,"A dog in the manger attitude means denying others something you cannot use yourself, which is the accusation being made.",I think the idea of having numbers from each firm is really a generously accommodating attitude.,"A dog in the manger attitude means spiteful obstruction, but the sentence describes generosity."
dog tired,But a few minutes ago I said I was dog-tired and hungry.,But a few minutes ago I said I was utterly exhausted and hungry.,"Dog tired means completely worn out, describing the speaker's earlier state.",But a few minutes ago I said I was thoroughly refreshed and hungry.,"Dog tired means being completely exhausted, but the sentence describes being full of energy."
don't give up the day job,"Well, my advice to him would be, don't give up the day job.","Well, my advice to him would be, keep your existing employment because this will not succeed.",The phrase is a wry way of saying someone's efforts are not good enough to live on.,"Well, my advice to him would be, abandon your existing employment because this will certainly succeed.","The phrase implies the venture will fail, but the sentence predicts success."
don't hold your breath,"We are determined to bring unemployment down, and we will, but just don't hold your breath.","We are determined to bring unemployment down, and we will, but just don't expect it any time soon.",Don't hold your breath warns that something will take far longer than promised.,"We are determined to bring unemployment down, and we will, but just expect it immediately.","The phrase warns against expecting something soon, but the sentence promises immediacy."
donkey work,Instead users can let the Sparcstation do the donkey work.,Instead users can let the Sparcstation do the tedious hard labour.,"Donkey work means dull, laborious work, which is what the machine takes over.",Instead users can let the Sparcstation do the creative and interesting part.,"Donkey work means dull laborious work, but the sentence describes the machine handling the interesting work instead."
doom and gloom,I think it's certainly true and I think one shouldn't be too doom and gloom about it.,I think it's certainly true and I think one shouldn't be too gloomily pessimistic about it.,"Doom and gloom means a mood of deep pessimism, which the speaker warns against.",I think it's certainly true and I think one shouldn't be too cheerfully optimistic about it.,"Doom and gloom means deep pessimism, but the sentence warns against excessive optimism instead."
dot the i's and cross the t's,It is perceived that researchers wish to dot the i's and cross the t's.,It is perceived that researchers wish to attend to every small detail.,"To dot the i's and cross the t's means to be meticulous about the finest details, which is the perception of researchers.",It is perceived that researchers wish to skip over every small detail.,"To dot the i's and cross the t's means being meticulous, but the sentence describes ignoring details."
down and out,I sit next to a down and out who has salvaged his lunch from the bins.,I sit next to a destitute man who has salvaged his lunch from the bins.,"Down and out means having no money or home, which fits someone taking food from bins.",I sit next to a comfortably wealthy man who has salvaged his lunch from the bins.,"Down and out means being destitute, but the sentence describes wealth, which sits oddly with salvaging food from bins."
down at heel,Central Leipzig presented a similarly surreal mixture of eager aspirations and a down-at-heel recent past.,"Central Leipzig presented a similarly surreal mixture of eager aspirations and a shabby, run-down recent past.","Down at heel means shabby and neglected through poverty, describing the city's recent past.",Central Leipzig presented a similarly surreal mixture of eager aspirations and a lavishly prosperous recent past.,"Down at heel means shabby and impoverished, but the sentence describes prosperity, which removes the contrast with aspiration."
down in the dumps,We can't have you down in the dumps like this.,We can't have you feeling this miserable and low.,"Down in the dumps means being unhappy and dejected, which is the state being addressed.",We can't have you feeling this cheerful and elated.,"Down in the dumps means feeling low, but the sentence describes high spirits, which would need no remedy."
down in the mouth,I wished I could help him then; he looked so down in the mouth hunched up by the stove.,I wished I could help him then; he looked so dejected hunched up by the stove.,"Down in the mouth means looking miserable, consistent with the hunched posture.",I wished I could help him then; he looked so elated hunched up by the stove.,"The idiom means looking dejected, but the sentence describes high spirits, which would need no help."
down the drain,"It's not just this town that is going down the drain, it is the country.","It's not just this town that is being wasted and ruined, it is the country.","To go down the drain means to be wasted or come to nothing, describing the decline of town and country.","It's not just this town that is steadily flourishing, it is the country.","To go down the drain means falling into ruin, but the sentence describes thriving."
down the hatch,"After all, up the lads and down the hatch.","After all, up the lads and drink it straight down.",Down the hatch is a toast said before swallowing a drink.,"After all, up the lads and leave it entirely untouched.","The phrase accompanies drinking, but the sentence describes not drinking at all."
down the road,A few years down the road and along come the fitness men with their clipboards and stop-watches.,A few years into the future and along come the fitness men with their clipboards and stop-watches.,"Down the road means at a later point in time, placing the fitness men's arrival some years ahead.",A few years into the past and along come the fitness men with their clipboards and stop-watches.,"Down the road means later in the future, but the sentence places the event in the past."
down the tubes,"With a rouble paycheck or, worse still, a rouble pension, life is slipping inexorably down the tubes.","With a rouble paycheck or, worse still, a rouble pension, life is slipping inexorably into ruin.","To go down the tubes means to deteriorate into failure, describing the effect of a rouble income.","With a rouble paycheck or, worse still, a rouble pension, life is slipping inexorably into prosperity.","The idiom means falling into ruin, but the sentence describes growing wealth, which 'worse still' contradicts."
down to the wire,In the event the starting line-up went down to the wire.,In the event the starting line-up was decided at the very last moment.,"Down to the wire means continuing until the final possible moment, describing how late the selection was settled.",In the event the starting line-up was decided far in advance.,"Down to the wire means going to the last moment, but the sentence describes an early decision."
draw a blank,"Maggie had drawn a blank, none of the bodies were of those she was looking for.","Maggie had found nothing at all, none of the bodies were of those she was looking for.","To draw a blank means to get no result from a search, which fits her failure to find anyone she sought.","Maggie had found exactly what she sought, none of the bodies were of those she was looking for.","To draw a blank means finding nothing, but the sentence claims success, which contradicts the rest of the sentence."
draw a line in the sand,He argued that Britain ought to use its veto and draw a line in the sand.,He argued that Britain ought to use its veto and set a limit it would not allow to be crossed.,To draw a line in the sand means to declare a boundary beyond which you will not yield.,He argued that Britain ought to use its veto and concede every point without limit.,"The idiom means setting a firm boundary, but the sentence describes unlimited concession, which a veto contradicts."
draw the short straw,We didn't draw the short straw but the weather was cold and windy and the course was playing long.,We weren't the unlucky ones chosen but the weather was cold and windy and the course was playing long.,To draw the short straw means to be the one selected for an unwelcome task by chance.,We weren't the fortunate ones chosen but the weather was cold and windy and the course was playing long.,"The idiom means being unluckily chosen, but the sentence reverses it into good fortune."
dressed to kill,He is dressed to kill with no place to go.,He is dressed strikingly to impress with no place to go.,"Dressed to kill means wearing clothes intended to make a striking impression, made poignant by having nowhere to go.",He is dressed shabbily and carelessly with no place to go.,"Dressed to kill means dressed to impress, but the sentence describes careless dress, which removes the irony."
dressed to the nines,"But she, she could bleeding dress up to the nines.","But she, she could dress in the most elaborate finery.","Dressed to the nines means dressed very elaborately and smartly, which is what she was capable of.","But she, she could dress only in the plainest everyday clothes.","Dressed to the nines means dressing elaborately, but the sentence describes plain dress."
drink like a fish,"He was drinking like a fish, and had been for weeks.","He was drinking heavily and constantly, and had been for weeks.","To drink like a fish means to consume alcohol in large quantities, describing his sustained behaviour.","He was drinking sparingly and rarely, and had been for weeks.","To drink like a fish means drinking heavily, but the sentence describes moderate consumption."
drive someone up the wall,They still drive her up the wall — and no one acts it out quite as well as Kirstie.,They still exasperate her completely — and no one acts it out quite as well as Kirstie.,To drive someone up the wall means to irritate them intensely.,They still soothe her completely — and no one acts it out quite as well as Kirstie.,"The idiom means causing intense irritation, but the sentence describes calming her."
drop a brick,He didn't realize he'd dropped a brick when he admitted that he knew where we were going.,He didn't realize he'd made an embarrassing blunder when he admitted that he knew where we were going.,"To drop a brick means to say something tactless without realising it, as the admission was.",He didn't realize he'd made a shrewd manoeuvre when he admitted that he knew where we were going.,"The idiom means an unintended blunder, but the sentence describes a calculated move, which he would have realised."
drop a hint,Dexter dropped a heavy enough hint a fortnight ago by failing to back Lamb when the row erupted.,Dexter gave a heavy enough indirect signal a fortnight ago by failing to back Lamb when the row erupted.,"To drop a hint means to suggest something indirectly rather than stating it, which his silence achieved.",Dexter made a heavy enough formal declaration a fortnight ago by failing to back Lamb when the row erupted.,"To drop a hint means signalling indirectly, but the sentence describes an explicit announcement, which failing to speak could not be."
drop like flies,Then Souness comes and they drop like flies for two seasons running!,Then Souness comes and they fall in large numbers for two seasons running!,"To drop like flies means for many to fall or fail in quick succession, describing the run of casualties.",Then Souness comes and they hold firm without a single loss for two seasons running!,"To drop like flies means falling in large numbers, but the sentence describes everyone remaining intact."
drop someone a line,So if there are any problems drop me a line.,So if there are any problems send me a short message.,"To drop someone a line means to write them a brief note, which is the invitation being made.",So if there are any problems keep it entirely to yourself.,"To drop someone a line means getting in touch, but the sentence advises saying nothing."
drown your sorrows,Drinking on your own or to drown your sorrows can get out of hand.,Drinking on your own or to blot out your unhappiness can get out of hand.,"To drown your sorrows means to drink in order to forget your troubles, one of the risky habits described.",Drinking on your own or to celebrate your good fortune can get out of hand.,"To drown your sorrows means drinking to escape unhappiness, but the sentence describes drinking in celebration."
drunk as a lord,Then turned up one morning drunk as a lord.,Then turned up one morning extremely intoxicated.,Drunk as a lord means very drunk indeed.,Then turned up one morning entirely sober.,"The idiom means being very drunk, but the sentence describes sobriety."
dry as dust,"These people are not, like Damaris, dry-as-dust, unbelieving intellectuals.","These people are not, like Damaris, utterly dull and lifeless unbelieving intellectuals.",Dry as dust means extremely dull and without vitality.,"These people are not, like Damaris, vividly exciting unbelieving intellectuals.","The idiom means being dull, but the sentence describes liveliness."
dutch courage,"Seeking a quick fix for your anxiety, you knock back a couple of brandy and sodas: Dutch courage.","Seeking a quick fix for your anxiety, you knock back a couple of brandy and sodas: confidence from alcohol.","Dutch courage means boldness obtained by drinking, which is exactly what the brandy provides.","Seeking a quick fix for your anxiety, you knock back a couple of brandy and sodas: confidence from long training.","Dutch courage means courage that comes from alcohol, but the sentence attributes it to practice instead."
dyed in the wool,Stahl belongs to that dyed-in-the-wool amateur breed who follow the sun not for money but for fun.,Stahl belongs to that thoroughly committed amateur breed who follow the sun not for money but for fun.,"Dyed in the wool means holding to something completely and unchangeably, describing his amateur commitment.",Stahl belongs to that half-hearted amateur breed who follow the sun not for money but for fun.,"Dyed in the wool means being deeply committed, but the sentence describes lukewarm involvement."
early bird,Politicians seem to work on the assumption that the early bird catches the voter.,Politicians seem to work on the assumption that whoever acts first catches the voter.,"The early bird refers to whoever acts soonest gaining the advantage, applied here to winning votes.",Politicians seem to work on the assumption that whoever waits longest catches the voter.,"The early bird means the one who acts first gains the advantage, but the sentence rewards delay instead."
easier said than done,I'm afraid going on an economy drive is easier said than done.,I'm afraid going on an economy drive is far harder to do than to propose.,"Easier said than done means something is simple to suggest but difficult to carry out, which applies to economising.",I'm afraid going on an economy drive is far simpler to do than to propose.,"Easier said than done means the doing is harder than the saying, but the sentence reverses the two."
easy as pie,PRODUCING GREAT MEALS IS AS EASY AS PIE WITH PRESTIGE COOKWARE AND BAKEWARE.,PRODUCING GREAT MEALS IS EXTREMELY SIMPLE WITH PRESTIGE COOKWARE AND BAKEWARE.,"Easy as pie means requiring very little effort, which is the claim made for the cookware.",PRODUCING GREAT MEALS IS EXTREMELY DEMANDING WITH PRESTIGE COOKWARE AND BAKEWARE.,"Easy as pie means very simple, but the sentence describes the task as difficult, which would not sell cookware."
easy does it,"Even with his easy-does-it approach, Mr Eigen may have trouble finding recruits.","Even with his gentle unhurried approach, Mr Eigen may have trouble finding recruits.",Easy does it means proceeding gently and without force.,"Even with his forceful aggressive approach, Mr Eigen may have trouble finding recruits.","Easy does it means proceeding gently, but the sentence describes forcefulness."
easy on the eye,Garda is a charming old village that is very easy on the eye.,Garda is a charming old village that is very pleasant to look at.,"Easy on the eye means attractive in appearance, matching the description of a charming village.",Garda is a charming old village that is very unpleasant to look at.,"Easy on the eye means attractive to look at, but the sentence calls it ugly, conflicting with charming."
eat humble pie,"And along with their stirrup cups, they were all eating humble pie.","And along with their stirrup cups, they were all admitting they had been wrong.","To eat humble pie means to make a humiliating admission of error, which they were all doing.","And along with their stirrup cups, they were all boasting of being proved right.","To eat humble pie means humbly admitting error, but the sentence describes triumphant boasting."
eat like a horse,— She eats like a horse and never gains an ounce.,— She eats enormous quantities and never gains an ounce.,"To eat like a horse means to eat a great deal, which makes her staying slim remarkable.",— She eats almost nothing and never gains an ounce.,"To eat like a horse means eating a great deal, but the sentence describes a tiny appetite, which removes the surprise."
eat someone alive,"Piper, I'm knackered, and these mosquitoes are eating me alive!","Piper, I'm knackered, and these mosquitoes are tormenting me relentlessly!",To eat someone alive means to attack or torment them without respite.,"Piper, I'm knackered, and these mosquitoes are leaving me entirely undisturbed!","The idiom means relentless torment, but the sentence describes being untroubled, which the agitation contradicts."
eat someone out of house and home,"You must eat your wife out of house and home, commented Duncan.","You must consume so much that your wife is left destitute, commented Duncan.",The idiom means eating so much that the provider is ruined.,"You must consume so little that your wife is left with plenty, commented Duncan.","The idiom means eating a ruinous amount, but the sentence describes eating very little."
eat your heart out,"Eat your hearts out Colombian drug barons, this is legal.","Be consumed with envy Colombian drug barons, this is legal.","Eat your heart out is a taunt inviting someone to be envious, aimed here at the drug barons.","Be entirely indifferent Colombian drug barons, this is legal.","Eat your heart out invites envy, but the sentence invites indifference, which removes the taunt."
economical with the truth,"In view of the Warc footnote, this statement seems to have been economical with the truth.","In view of the Warc footnote, this statement seems to have been deliberately misleading.","Economical with the truth means withholding facts so as to mislead, which the footnote exposes.","In view of the Warc footnote, this statement seems to have been scrupulously complete.","Economical with the truth means withholding facts, but the sentence describes full disclosure."
err on the side of,As a soldier he had been taught to err on the side of caution.,As a soldier he had been taught to lean deliberately towards caution.,"To err on the side of something means to choose the safer extreme when uncertain, which his training instilled.",As a soldier he had been taught to lean deliberately away from caution.,"To err on the side of caution means favouring the careful option, but the sentence describes avoiding it."
every dog has its day,EVERY dog has its day — and it came yesterday.,EVERYONE gets their moment of success — and it came yesterday.,"Every dog has its day means that everyone eventually enjoys a period of good fortune, which arrived yesterday.",NOBODY ever gets a moment of success — and it came yesterday.,"Every dog has its day means everyone eventually has good fortune, but the sentence denies it to anyone, contradicting what follows."
every last,"Facing a financially bleak Christmas, he scrimped together every last penny to afford presents for the four boys.","Facing a financially bleak Christmas, he scrimped together each and every remaining penny to afford presents for the four boys.","Every last means absolutely all of something without exception, describing how completely he gathered his money.","Facing a financially bleak Christmas, he scrimped together a small portion of his pennies to afford presents for the four boys.","Every last means all without exception, but the sentence describes gathering only some, which conflicts with a bleak Christmas."
every man for himself,"What a contrast to the previous student flats she'd shared, where it was every man for himself!","What a contrast to the previous student flats she'd shared, where everyone looked out only for themselves!","Every man for himself means each person acting in their own interest with no mutual help, which is the contrast being drawn.","What a contrast to the previous student flats she'd shared, where everyone looked after each other devotedly!","Every man for himself means each acting alone, but the sentence describes mutual care, which removes the contrast."
every nook and cranny,"Everything moveable was taken out, every nook and cranny probed.","Everything moveable was taken out, every small hidden space probed.","Every nook and cranny means every small out-of-the-way place, describing how thorough the search was.","Everything moveable was taken out, only the largest open spaces probed.","Every nook and cranny means every small hidden place, but the sentence describes a search limited to obvious areas."
every trick in the book,I tried every trick in the book to reform him.,I tried every method available to reform him.,"Every trick in the book means all possible methods, describing the extent of the effort.",I tried one single method to reform him.,"Every trick in the book means all available methods, but the sentence describes a single attempt."
every which way,"I tried blanching and not blanching, cutting them every which way and freezing whole.","I tried blanching and not blanching, cutting them in every possible direction and freezing whole.",Every which way means in all directions or by every possible method.,"I tried blanching and not blanching, cutting them in one single fixed direction and freezing whole.","The idiom means every possible way, but the sentence describes a single method, which the experimenting contradicts."
everything but the kitchen sink,"Babsy Hepworth's bronzes, everything but the kitchen sink.","Babsy Hepworth's bronzes, absolutely everything imaginable included.",Everything but the kitchen sink means an exhaustive and excessive inclusion of items.,"Babsy Hepworth's bronzes, only a single carefully chosen item.","The idiom means including almost everything, but the sentence describes strict selection."
everything in the garden is rosy,"We won't let them talk amongst themselves as if everything in the garden is rosy, she explained.","We won't let them talk amongst themselves as if everything is perfectly satisfactory, she explained.","The idiom means a situation in which all is well, the pretence being challenged.","We won't let them talk amongst themselves as if everything is deeply troubled, she explained.","The idiom means all being well, but the sentence describes admitting trouble, which needs no challenge."
eyeball to eyeball,The bad blood continued with an eyeball-to-eyeball confrontation on the final whistle.,The bad blood continued with a direct face-to-face confrontation on the final whistle.,"Eyeball to eyeball means confronting someone directly and at close quarters, describing the clash at the whistle.",The bad blood continued with a distant and indirect confrontation on the final whistle.,"Eyeball to eyeball means a close direct confrontation, but the sentence describes one conducted at a distance."
face the music,Malc and I decided we'd have to face the music and tell his parents and my Pop.,Malc and I decided we'd have to accept the unpleasant consequences and tell his parents and my Pop.,"To face the music means to confront the consequences of your actions, which telling the parents would mean.",Malc and I decided we'd have to escape the unpleasant consequences and tell his parents and my Pop.,"To face the music means accepting consequences, but the sentence describes avoiding them, which telling the parents would not achieve."
face to face,Inevitably there is less face-to-face contact between members and communication must take place via staff.,Inevitably there is less direct in-person contact between members and communication must take place via staff.,Face to face means meeting in person rather than through an intermediary.,Inevitably there is less indirect mediated contact between members and communication must take place via staff.,"Face to face means in-person contact, but the sentence describes mediated contact, contradicting the need for staff."
fair and square,"Time to put it to him, fair and square, I'd say.","Time to put it to him, honestly and directly, I'd say.","Fair and square means done openly and without deception, the manner recommended.","Time to put it to him, deviously and indirectly, I'd say.","Fair and square means acting openly, but the sentence recommends deception."
fair game,Never before had we experienced a road code which considered any living things on the tarmac to be absolutely fair game.,Never before had we experienced a road code which considered any living things on the tarmac to be a legitimate target.,Fair game means something regarded as acceptable to attack or pursue.,Never before had we experienced a road code which considered any living things on the tarmac to be strictly protected.,"Fair game means an acceptable target, but the sentence describes protection."
fall between two stools,That was a bad time for her because she fell between two stools in a way.,That was a bad time for her because she fitted neither of two categories in a way.,"To fall between two stools means to fail to fit either of two options and so benefit from neither, describing her difficulty.",That was a bad time for her because she fitted both categories perfectly in a way.,"To fall between two stools means fitting neither option, but the sentence describes fitting both, which would not be a bad time."
fall by the wayside,( It was revealing who fell by the wayside ).,( It was revealing who dropped out along the way ).,"To fall by the wayside means to give up or drop out before the end, which is what was revealing.",( It was revealing who persevered to the very end ).,"To fall by the wayside means dropping out, but the sentence describes those who continued."
fall from grace,He had an uncharacteristic fall from grace in his match against Connell.,He had an uncharacteristic loss of his good standing in his match against Connell.,"A fall from grace means a loss of favour or reputation after being highly regarded, which the match caused.",He had an uncharacteristic rise to new heights of standing in his match against Connell.,"A fall from grace means losing your good standing, but the sentence describes gaining it."
fall into place,I can see what he is thinking: the pieces are falling into place.,I can see what he is thinking: everything is becoming clear and connected.,"To fall into place means for things to become clear and fit together, describing his dawning understanding.",I can see what he is thinking: everything is becoming more confused and scattered.,"To fall into place means things becoming clear, but the sentence describes growing confusion."
fall on deaf ears,Their courageous calls fell on deaf ears; they now remain imprisoned.,Their courageous calls went entirely unheeded; they now remain imprisoned.,"To fall on deaf ears means to be ignored by those who could act, which explains their continued imprisonment.",Their courageous calls were acted on immediately; they now remain imprisoned.,"To fall on deaf ears means being ignored, but the sentence describes swift action, which conflicts with them still being imprisoned."
fall on stony ground,Their marriages had fallen on stony ground but it seemed to me there was still hope.,Their marriages had failed to thrive but it seemed to me there was still hope.,"To fall on stony ground means to fail to take root or succeed, describing the state of the marriages.",Their marriages had flourished abundantly but it seemed to me there was still hope.,"To fall on stony ground means failing to thrive, but the sentence describes flourishing, which would need no hope."
fall short,They appear to have not infrequently fallen short of their duties.,They appear to have not infrequently failed to meet their duties.,"To fall short means to fail to reach a required standard, which is the criticism being made.",They appear to have not infrequently exceeded their duties.,"To fall short means failing to meet a standard, but the sentence describes surpassing it."
famous last words,It was one more case of famous last words.,It was one more case of a confident prediction proved wrong.,Famous last words marks a bold statement that events immediately contradict.,It was one more case of a confident prediction proved entirely right.,"The phrase marks a prediction that fails, but the sentence describes one that succeeds."
far and away,The bag has been far and away the smallest in my lifetime.,The bag has been by a very large margin the smallest in my lifetime.,"Far and away means by a great degree, emphasising how much smaller the bag was.",The bag has been by the narrowest of margins the smallest in my lifetime.,"Far and away means by a large margin, but the sentence reduces it to a tiny difference."
fast and furious,"Despite the conditions, play was fast and furious in the opening stages.","Despite the conditions, play was rapid and intense in the opening stages.","Fast and furious means happening quickly and with great energy, describing the opening play.","Despite the conditions, play was slow and lethargic in the opening stages.","Fast and furious means rapid and energetic, but the sentence describes sluggish play."
feast or famine,"In terms of Parisian exhibitions, it often seems to be a case of feast or famine.","In terms of Parisian exhibitions, it often seems to be a case of far too much or far too little.","Feast or famine means alternating between excess and scarcity with no middle ground, describing the exhibition schedule.","In terms of Parisian exhibitions, it often seems to be a case of a steady and reliable supply.","Feast or famine means swinging between extremes, but the sentence describes consistent moderation."
feeding frenzy,"His feeding frenzy exhausted, he was torpid, unable to pay attention to the rat in her maze.","His bout of frantic consumption exhausted, he was torpid, unable to pay attention to the rat in her maze.","A feeding frenzy means a period of frantic, greedy consumption.","His bout of careful restraint exhausted, he was torpid, unable to pay attention to the rat in her maze.","The idiom means frantic gorging, but the sentence describes restraint, which would not exhaust anyone."
feel the pinch,And it's not only rail travellers who'll feel the pinch.,And it's not only rail travellers who'll suffer the financial strain.,"To feel the pinch means to experience financial hardship, which extends beyond rail travellers.",And it's not only rail travellers who'll enjoy the financial windfall.,"To feel the pinch means suffering financial hardship, but the sentence describes a financial gain."
few and far between,There are times when an item requires more thought but they should be few and far between.,There are times when an item requires more thought but they should be rare and infrequent.,"Few and far between means happening only occasionally, which is how often extra thought should be needed.",There are times when an item requires more thought but they should be constant and routine.,"Few and far between means rare, but the sentence describes such occasions as continual."
fight fire with fire,The official pronouncement was that they intended to fight fire with fire.,The official pronouncement was that they intended to respond using their opponents' own methods.,"To fight fire with fire means to counter an attack using the same tactics, which was the stated intention.",The official pronouncement was that they intended to respond using entirely opposite methods.,"To fight fire with fire means using the same methods as your opponent, but the sentence describes taking a contrary approach."
fight shy of,Are people fighting shy of certain parts of the world?,Are people deliberately avoiding certain parts of the world?,"To fight shy of something means to avoid it out of reluctance, which is what the question asks about.",Are people eagerly seeking out certain parts of the world?,"To fight shy of something means avoiding it, but the sentence describes actively pursuing it."
fight tooth and nail,Since its birth Israel has fought tooth and nail to survive … and expand.,Since its birth Israel has fought with every ounce of effort to survive … and expand.,"To fight tooth and nail means to struggle with maximum determination, describing the effort to survive.",Since its birth Israel has fought with only token effort to survive … and expand.,"To fight tooth and nail means fighting with full determination, but the sentence describes minimal effort."
fill someone's shoes,I am constantly conscious of my illustrious predecessors and daily find it difficult to fill their shoes.,I am constantly conscious of my illustrious predecessors and daily find it difficult to match their achievements.,"To fill someone's shoes means to perform as well as the person who held the role before, which the speaker finds hard.",I am constantly conscious of my illustrious predecessors and daily find it difficult to surpass their achievements.,"To fill someone's shoes means matching a predecessor, but the sentence sets the higher standard of exceeding them."
fill the bill,D felt the same way about B. Only A filled the bill for any of the other three.,D felt the same way about B. Only A met the requirements for any of the other three.,To fill the bill means to be exactly what is needed.,D felt the same way about B. Only A failed the requirements for any of the other three.,"The idiom means meeting requirements, but the sentence describes failing them."
find your feet,I hope you will soon find your feet again.,I hope you will soon regain your confidence and settle in again.,To find your feet means to become confident and capable in a new situation.,I hope you will soon lose your confidence entirely again.,"The idiom means gaining confidence, but the sentence wishes the opposite."
fire in the belly,You have got the fire in your belly that will make an excellent detective novel.,You have got the burning determination that will make an excellent detective novel.,"Fire in the belly means intense drive and ambition, which is the quality being praised.",You have got the placid contentment that will make an excellent detective novel.,"Fire in the belly means burning ambition, but the sentence describes calm satisfaction instead."
first among equals,"All characters offer splendid lessons in how not to incorporate research in dialogue, but Casaubon is first among equals.","All characters offer splendid lessons in how not to incorporate research in dialogue, but Casaubon is foremost among those of equal standing.",First among equals means the most prominent within a group of nominal equals.,"All characters offer splendid lessons in how not to incorporate research in dialogue, but Casaubon is the least notable of them.","The idiom means being foremost among equals, but the sentence ranks him lowest."
first off,"First off, it's a little premature to judge them at this stage.","To begin with, it's a little premature to judge them at this stage.","First off means the first point to be made, introducing the observation that follows.","As a final point, it's a little premature to judge them at this stage.","First off introduces an opening point, but the sentence presents it as a concluding one."
first up,"First up, is Pizazz + Convert, a handy utility for converting one graphics file type to another.","First of all, is Pizazz + Convert, a handy utility for converting one graphics file type to another.","First up means the first item in a sequence, introducing the utility.","Last of all, is Pizazz + Convert, a handy utility for converting one graphics file type to another.","First up means coming first, but the sentence places it at the end."
fish in troubled waters,Thus the USSR would be able to fish profitably in the troubled waters of economic chaos.,Thus the USSR would be able to profit from other people's disorder in the economic chaos.,"To fish in troubled waters means to take advantage of a confused situation for your own gain, which the chaos permits.",Thus the USSR would be able to restore order selflessly in the economic chaos.,"To fish in troubled waters means exploiting disorder for gain, but the sentence describes resolving it without benefit."
fit as a fiddle,Today she's as fit as a fiddle — thanks to research funded by efforts such as Beefy's.,Today she's in excellent health — thanks to research funded by efforts such as Beefy's.,"Fit as a fiddle means being in very good health, which the research helped bring about.",Today she's in seriously poor health — thanks to research funded by efforts such as Beefy's.,"Fit as a fiddle means being healthy, but the sentence describes illness, which would not credit the research."
fit the bill,If you fit the bill you could earn a lot of money.,If you meet the requirements you could earn a lot of money.,"To fit the bill means to have exactly the qualities needed, which is the condition for earning.",If you fall well short of the requirements you could earn a lot of money.,"To fit the bill means meeting the requirements, but the sentence rewards failing to meet them."
fit to be tied,"He was fit to be tied when I separated from Hugh, and he seems to blame me.","He was absolutely furious when I separated from Hugh, and he seems to blame me.",Fit to be tied means being extremely angry.,"He was completely untroubled when I separated from Hugh, and he seems to blame me.","The idiom means being furious, but the sentence describes indifference, which blame contradicts."
flash in the pan,"I don't, I think it was just a flash in the pan.","I don't, I think it was just a brief success that came to nothing.","A flash in the pan means a sudden success that is not repeated, which is the dismissive assessment offered.","I don't, I think it was just the start of a long and sustained run.","A flash in the pan means a brief unrepeated success, but the sentence describes lasting achievement."
flog a dead horse,If something is carried on then it is flogging a dead horse or blind ambition.,If something is carried on then it is persisting at something hopeless or blind ambition.,"To flog a dead horse means to keep pursuing something that has no chance of success, which continuing would amount to.",If something is carried on then it is pursuing a highly promising opportunity or blind ambition.,"To flog a dead horse means persisting with something hopeless, but the sentence describes a genuine opportunity."
fly a kite,The Government flies these kites of disinformation then people feel grateful when they don't happen.,The Government floats these trial proposals of disinformation then people feel grateful when they don't happen.,"To fly a kite means to float an idea publicly to test the reaction, which is the tactic described.",The Government enacts these firm policies of disinformation then people feel grateful when they don't happen.,"To fly a kite means testing an idea without committing, but the sentence describes settled policy, which conflicts with things not happening."
fly in the face of,The Government appear to be flying in the face of that report.,The Government appear to be acting in direct opposition to that report.,"To fly in the face of something means to act contrary to it, which is the criticism of the Government.",The Government appear to be following closely the recommendations of that report.,"To fly in the face of something means opposing it, but the sentence describes compliance."
fly off the handle,She saw the mess and flew off the handle at once.,She saw the mess and lost her temper at once.,"To fly off the handle means to become suddenly and violently angry, which the mess provoked.",She saw the mess and reacted with calm amusement at once.,"To fly off the handle means erupting in anger, but the sentence describes a relaxed response."
fly the coop,"How are you and your wife doing, now that the birds have all flown the coop?","How are you and your wife doing, now that the children have all left home?","To fly the coop means to leave home or escape confinement, referring here to grown children moving out.","How are you and your wife doing, now that the children have all settled in permanently?","To fly the coop means leaving home, but the sentence describes everyone staying put."
fly the flag,"POST-PUNK AND POST-CABARET, STIFF LITTLE FINGERS RETURN TO FLY THE FLAG.","POST-PUNK AND POST-CABARET, STIFF LITTLE FINGERS RETURN TO SHOW PUBLIC SUPPORT FOR THEIR CAUSE.","To fly the flag means to demonstrate loyalty or support publicly, which the band's return represents.","POST-PUNK AND POST-CABARET, STIFF LITTLE FINGERS RETURN TO QUIETLY DISOWN THEIR CAUSE.","To fly the flag means publicly showing support, but the sentence describes abandoning the cause."
foam at the mouth,One journalist said: 'Staff are foaming at the mouth.,One journalist said: 'Staff are furiously angry.,"To foam at the mouth means to be in a state of extreme rage, describing the staff's reaction.",One journalist said: 'Staff are entirely untroubled.,"To foam at the mouth means being extremely angry, but the sentence describes indifference."
follow in someone's footsteps,"She's a fantastic cook, which I've followed in her footsteps.","She's a fantastic cook, whose example I have taken up myself.","To follow in someone's footsteps means to take up the same path or occupation as them, which the speaker did.","She's a fantastic cook, whose example I have deliberately avoided.","To follow in someone's footsteps means taking up their path, but the sentence describes rejecting it."
for donkey's years,I took our tin of bread across for donkey's years.,I took our tin of bread across for a very long time.,"For donkey's years means for a great many years, describing how long the habit lasted.",I took our tin of bread across for a matter of days.,"For donkey's years means a very long time, but the sentence describes a brief period."
for good measure,I gave him a full deflection burst for good measure and then my ammunition ran out.,I gave him a full deflection burst as an extra addition and then my ammunition ran out.,"For good measure means adding something beyond what was strictly needed, describing the extra burst.",I gave him a full deflection burst as the bare minimum required and then my ammunition ran out.,"For good measure means adding more than necessary, but the sentence describes doing only what was essential."
for keeps,Victors' trophy until it was given to Brazil for keeps on their third win in 1970.,Victors' trophy until it was given to Brazil permanently on their third win in 1970.,"For keeps means given permanently rather than temporarily, the terms of Brazil's third win.",Victors' trophy until it was given to Brazil briefly on their third win in 1970.,"For keeps means permanently, but the sentence describes a temporary loan."
for my money,"Lee's one of the chosen and he's one of the damned, for my money.","Lee's one of the chosen and he's one of the damned, in my opinion.","For my money means in my judgement, marking the statement as a personal view.","Lee's one of the chosen and he's one of the damned, according to established fact.","For my money signals a personal opinion, but the sentence presents the claim as objective fact."
for the hell of it,We cheer when a meerkat eats up a scorpion or a rattlesnake just for the hell of it.,We cheer when a meerkat eats up a scorpion or a rattlesnake purely for the fun of it.,"For the hell of it means doing something for no reason beyond enjoyment, describing the cheering.",We cheer when a meerkat eats up a scorpion or a rattlesnake purely out of solemn duty.,"For the hell of it means acting for enjoyment alone, but the sentence describes an obligation."
for the time being,"The election will take the heat off the constitutional issue, at least for the time being.","The election will take the heat off the constitutional issue, at least for now.","For the time being means temporarily and only until circumstances change, qualifying the relief the election brings.","The election will take the heat off the constitutional issue, at least permanently.","For the time being means only temporarily, but the sentence makes the effect lasting, which removes the qualification."
forbidden fruit,"If there's a tree they will climb it, forbidden fruits always taste the sweetest.","If there's a tree they will climb it, things that are prohibited always seem most appealing.","Forbidden fruit means something made more desirable by being prohibited, explaining the urge to climb.","If there's a tree they will climb it, things that are permitted always seem most appealing.","Forbidden fruit means prohibition increases desire, but the sentence says permitted things are more tempting."
force someone's hand,Stephen felt compelled to try to force the government's hand in extending the registry.,Stephen felt compelled to try to pressure the government into acting on extending the registry.,"To force someone's hand means to compel them to act sooner than they intended, which Stephen attempted.",Stephen felt compelled to try to let the government decide freely on extending the registry.,"To force someone's hand means compelling them to act, but the sentence describes leaving them free to choose."
forty winks,But no-one will mind if you choose to opt for another forty winks on your sunlounger.,But no-one will mind if you choose to opt for another short nap on your sunlounger.,"Forty winks means a brief sleep, which fits the suggestion of dozing on a sunlounger.",But no-one will mind if you choose to opt for another full night's sleep on your sunlounger.,"Forty winks means a short nap, but the sentence describes an entire night's rest."
free and easy,In these free-and-easy days people are making their own rules already.,In these relaxed and informal days people are making their own rules already.,"Free and easy means casual and without strict rules, which fits people setting their own.",In these strictly regulated days people are making their own rules already.,"Free and easy means relaxed and unregulated, but the sentence describes tight regulation, which conflicts with making your own rules."
free rein,"So far as state education is concerned, increasingly free rein is being given to this power.","So far as state education is concerned, increasingly unrestricted freedom is being given to this power.","Free rein means complete freedom to act without restriction, which the power is increasingly granted.","So far as state education is concerned, increasingly tight restriction is being given to this power.","Free rein means unrestricted freedom, but the sentence describes the power being constrained."
friends in high places,Haines had no friends in high places and his requests for administrative help were unheeded.,Haines had no influential contacts in positions of power and his requests for administrative help were unheeded.,"Friends in high places means connections with powerful people, whose absence explains why Haines was ignored.",Haines had no acquaintances among the most junior staff and his requests for administrative help were unheeded.,"Friends in high places means powerful connections, but the sentence refers to lowly contacts, which would not explain the outcome."
from a to z,"Another was Elliott who explained that he needed access to information, from A to Z.","Another was Elliott who explained that he needed access to information, covering the whole range completely.",From A to Z means covering everything from beginning to end.,"Another was Elliott who explained that he needed access to information, covering one narrow portion only.","The idiom means complete coverage, but the sentence describes a narrow slice."
from pillar to post,But shouldn't I do better work if I weren't driven from pillar to post to supplement my salary?,But shouldn't I do better work if I weren't driven restlessly from one place to another to supplement my salary?,"From pillar to post means being pushed around from one place to another without rest, which disrupts the work.",But shouldn't I do better work if I weren't left settled in one quiet place to supplement my salary?,"From pillar to post means being harried from place to place, but the sentence describes calm stability, which would not hinder work."
from scratch,"It is clearly possible to learn a language from scratch, since we have all done it.","It is clearly possible to learn a language starting with no prior knowledge, since we have all done it.","From scratch means beginning from nothing at all, which is how everyone learns a first language.","It is clearly possible to learn a language building on extensive prior knowledge, since we have all done it.","From scratch means starting from nothing, but the sentence assumes existing knowledge, which a first language could not have."
from the cradle to the grave,The state now provided something of a protective safety net from the cradle to the grave.,The state now provided something of a protective safety net for the whole of a person's life.,"From the cradle to the grave means throughout an entire lifetime, describing the reach of the safety net.",The state now provided something of a protective safety net for one brief stage of life.,"From the cradle to the grave means covering an entire lifetime, but the sentence limits it to a single period."
from the horse's mouth,"Having discounted that source, Allen next heard it from the horse's mouth.","Having discounted that source, Allen next heard it directly from the person involved.","From the horse's mouth means hearing something from the original and most reliable source, which Allen then did.","Having discounted that source, Allen next heard it through a chain of distant rumour.","From the horse's mouth means hearing it from the original source, but the sentence describes second-hand gossip."
from the word go,I knew it was a deliberate attempt from the word go to bring the band down.,I knew it was a deliberate attempt from the very beginning to bring the band down.,"From the word go means from the very start, describing how early the intent was clear.",I knew it was a deliberate attempt only in the final stages to bring the band down.,"From the word go means from the very beginning, but the sentence places it late in the sequence."
full marks,"Also, full marks to the spontaneous half-time entertainment of gymnastics provided by the children in the audience.","Also, the highest possible praise to the spontaneous half-time entertainment of gymnastics provided by the children in the audience.","Full marks means complete approval or the highest praise, which the children's performance earned.","Also, the harshest possible criticism to the spontaneous half-time entertainment of gymnastics provided by the children in the audience.","Full marks means the highest praise, but the sentence delivers condemnation instead."
full speed ahead,"And, full speed ahead … the business sideline that's helping farmers rake in the cash.","And, proceeding at maximum pace … the business sideline that's helping farmers rake in the cash.","Full speed ahead means advancing as quickly as possible, describing the momentum of the sideline.","And, proceeding at the most cautious crawl … the business sideline that's helping farmers rake in the cash.","Full speed ahead means moving as fast as possible, but the sentence describes advancing very slowly."
get a life,"I've just one more thing to say — Simon, get a life and some new cliches!!","I've just one more thing to say — Simon, find something worthwhile to do and some new cliches!!","Get a life is a dismissal telling someone to find more worthwhile occupations, aimed here at Simon.","I've just one more thing to say — Simon, carry on exactly as you are and some new cliches!!","Get a life tells someone to change how they spend their time, but the sentence endorses the status quo."
get a move on,If we didn't get a move on there wouldn't be a route left to do!,If we didn't hurry up there wouldn't be a route left to do!,"To get a move on means to hurry, which the risk of losing the route demands.",If we didn't slow right down there wouldn't be a route left to do!,"To get a move on means hurrying, but the sentence urges delay, which would not save the route."
get down to brass tacks,"Since you've brought it up, let's get down to brass tacks!","Since you've brought it up, let's get to the essential practical details!",To get down to brass tacks means to turn to the fundamental practical matters.,"Since you've brought it up, let's stay on vague generalities!","The idiom means addressing essentials, but the sentence proposes remaining vague."
get lost,But it doesn't work — what few gags there are get lost in dull and lifeless acting.,But it doesn't work — what few gags there are disappear in dull and lifeless acting.,"To get lost here means to be obscured and go unnoticed, which is what happens to the jokes.",But it doesn't work — what few gags there are stand out sharply in dull and lifeless acting.,"To get lost means being obscured, but the sentence describes the gags being prominent, which conflicts with the criticism."
get off the ground,The project that never got off the ground may need redesigning.,The project that never successfully started may need redesigning.,"To get off the ground means to begin successfully, which the project failed to do.",The project that never stopped succeeding may need redesigning.,"To get off the ground means starting successfully, but the sentence describes continuous success, which would not need redesigning."
get on like a house on fire,We get on like a house on fire — now we no longer live together.,We get along extremely well — now we no longer live together.,"To get on like a house on fire means to have an immediately warm and easy relationship, which improved after separating.",We get along with constant friction — now we no longer live together.,"To get on like a house on fire means getting on very well, but the sentence describes ongoing conflict."
get on someone's nerves,"Yeah, but it don't get on her nerves that's the whole point!","Yeah, but it don't irritate her that's the whole point!","To get on someone's nerves means to irritate them persistently, which is what fails to happen here.","Yeah, but it don't delight her that's the whole point!","To get on someone's nerves means causing irritation, but the sentence substitutes pleasure."
get someone's back up,My first thoughts of it were that it really gets my back up for some reason or other.,My first thoughts of it were that it really annoys me for some reason or other.,To get someone's back up means to irritate or antagonise them.,My first thoughts of it were that it really delights me for some reason or other.,"The idiom means causing annoyance, but the sentence describes pleasure."
get someone's goat,"He went out for an evening walk, and that really got Dolly's goat.","He went out for an evening walk, and that really annoyed Dolly.","To get someone's goat means to irritate them considerably, which the walk did to Dolly.","He went out for an evening walk, and that really pleased Dolly.","To get someone's goat means annoying them, but the sentence describes her being delighted."
get stuck in,You have got just to find some place and stay there and get stuck in.,You have got just to find some place and stay there and set to work energetically.,"To get stuck in means to begin working at something with enthusiasm, which the advice recommends.",You have got just to find some place and stay there and remain entirely idle.,"To get stuck in means working energetically, but the sentence describes doing nothing."
get stuck into,But Walsh got stuck into the project with typical determination.,But Walsh threw himself energetically into the project with typical determination.,"To get stuck into something means to tackle it with vigour, which matches Walsh's determination.",But Walsh held himself back from the project with typical determination.,"To get stuck into something means engaging energetically, but the sentence describes staying uninvolved."
get the better of,But you haven't to let either of them get the better of you!,But you haven't to let either of them gain the advantage over you!,"To get the better of someone means to defeat or outdo them, which the advice warns against allowing.",But you haven't to let either of them fall behind you!,"To get the better of someone means defeating them, but the sentence describes them losing, which reverses the warning."
get the boot,Yeah if we do get the boot it'll be the next few months.,Yeah if we are dismissed it'll be the next few months.,"To get the boot means to be dismissed from a job, which is the anticipated outcome.",Yeah if we are promoted it'll be the next few months.,"To get the boot means being dismissed, but the sentence describes advancement."
get the nod,That looks good for us … we should get the nod over hillsboro and/or newcastle.,That looks good for us … we should receive approval over hillsboro and/or newcastle.,"To get the nod means to be selected or approved, which is the favourable outcome expected.",That looks good for us … we should be rejected in favour of hillsboro and/or newcastle.,"To get the nod means being chosen, but the sentence describes being passed over, which conflicts with the optimism."
get the picture,I would expect to get the broad picture and highlights and examples of.,I would expect to obtain the broad understanding and highlights and examples of.,"To get the picture means to grasp the general situation, which is what is expected.",I would expect to obtain the broad confusion and highlights and examples of.,"To get the picture means understanding the situation, but the sentence describes remaining confused."
get the show on the road,"Never mind the debt, the slogan seemed to be, get the show on the road.","Never mind the debt, the slogan seemed to be, get things started at once.",To get the show on the road means to begin an undertaking without further delay.,"Never mind the debt, the slogan seemed to be, postpone things indefinitely.","The idiom means starting promptly, but the sentence describes delay."
get to grips with,"The thing is, I mean we're hardly getting to grips with other people.","The thing is, I mean we're hardly beginning to understand other people properly.","To get to grips with something means to start understanding or handling it properly, which is barely happening.","The thing is, I mean we're hardly overlooking other people entirely.","To get to grips with something means engaging with it properly, but the sentence describes ignoring it, reversing the complaint."
get to the bottom of,"I will get to the bottom of it, Merrill resolved.","I will discover the full truth of it, Merrill resolved.","To get to the bottom of something means to uncover the real explanation, which is Merrill's resolve.","I will leave the truth of it well alone, Merrill resolved.","To get to the bottom of something means uncovering the truth, but the sentence describes abandoning the search."
get under someone's skin,And was this how he had got under Elise's skin?,And was this how he had come to preoccupy Elise so deeply?,"To get under someone's skin means to affect them persistently and deeply, which is what he did to Elise.",And was this how he had come to leave Elise entirely unaffected?,"To get under someone's skin means affecting them deeply, but the sentence describes having no effect."
get up someone's nose,I didn't realise it would get up your nose so quickly and so far.,I didn't realise it would annoy you so quickly and so far.,"To get up someone's nose means to irritate them, which happened faster than expected.",I didn't realise it would charm you so quickly and so far.,"To get up someone's nose means causing irritation, but the sentence describes delight."
give someone enough rope,Give him enough rope and he would hang himself.,Give him enough freedom to act and he would bring about his own downfall.,The idiom means allowing someone latitude so their own actions ruin them.,Give him tight restriction on his actions and he would hang himself.,"The idiom means granting freedom, but the sentence describes restraint, which would prevent the outcome."
give someone grief,"'They won't give you any grief in the next few days,' he said.","'They won't cause you any trouble in the next few days,' he said.","To give someone grief means to cause them difficulty or annoyance, which is being ruled out.","'They won't offer you any assistance in the next few days,' he said.","To give someone grief means causing trouble, but the sentence turns it into withholding help."
give someone pause,The name to give us pause here is that of G.W. Prothero.,The name to make us stop and reconsider here is that of G.W. Prothero.,"To give someone pause means to make them hesitate and think again, which the name prompts.",The name to make us press on unhesitatingly here is that of G.W. Prothero.,"To give someone pause means prompting hesitation, but the sentence describes continuing without reflection."
give someone the creeps,It gives me the creeps and I know it frightened the kiddies.,It makes my skin crawl with unease and I know it frightened the kiddies.,"To give someone the creeps means to make them feel uneasy and repelled, matching the fear it caused the children.",It fills me with warm reassurance and I know it frightened the kiddies.,"To give someone the creeps means causing unease, but the sentence describes comfort, which conflicts with the children's fear."
give someone the eye,"While Hyacinth awarded marks, others, just as predatory, were giving her the eye.","While Hyacinth awarded marks, others, just as predatory, were eyeing her with open interest.","To give someone the eye means to look at them with obvious romantic interest, matching 'predatory'.","While Hyacinth awarded marks, others, just as predatory, were ignoring her entirely.","The idiom means showing open interest, but the sentence describes indifference, which conflicts with 'predatory'."
give someone what for,"I can't help it sometimes, I just give them what for!","I can't help it sometimes, I just scold them severely!",To give someone what for means to reprimand them sharply.,"I can't help it sometimes, I just praise them warmly!","The idiom means scolding, but the sentence describes praise, which needs no excusing."
give something a miss,"You were right to give it a miss, my friend.","You were right to avoid it altogether, my friend.","To give something a miss means to choose not to take part, which is approved of here.","You were right to take part in it fully, my friend.","To give something a miss means avoiding it, but the sentence describes participation."
go down the wrong way,My Bud went down the wrong way and I had a fit of choking.,My Bud went into my windpipe instead of my throat and I had a fit of choking.,"To go down the wrong way means for food or drink to enter the airway, which explains the choking.",My Bud went smoothly down my throat and I had a fit of choking.,"To go down the wrong way means entering the airway, but the sentence describes swallowing normally, which would not cause choking."
go downhill,Life seems to have gone downhill since the younger one was born.,Life seems to have steadily worsened since the younger one was born.,"To go downhill means to deteriorate progressively, describing the change since the birth.",Life seems to have steadily improved since the younger one was born.,"To go downhill means getting worse, but the sentence describes improvement."
go great guns,Betterware France is going great guns at the end of its first year.,Betterware France is performing extremely successfully at the end of its first year.,"To go great guns means to be doing very well and with great energy, describing the company's first year.",Betterware France is performing dismally at the end of its first year.,"To go great guns means thriving, but the sentence describes failure."
go hand in hand,"There seems to be a tendency towards centralisation, paradoxically going hand in hand with devolution.","There seems to be a tendency towards centralisation, paradoxically occurring together with devolution.","To go hand in hand means for two things to occur together and be closely linked, which is the paradox described.","There seems to be a tendency towards centralisation, paradoxically occurring entirely separately from devolution.","To go hand in hand means occurring together, but the sentence separates the two, which removes the paradox."
go off the boil,The second series really went off the boil because there was much more emphasis on the woman lawyer.,The second series really lost its intensity because there was much more emphasis on the woman lawyer.,"To go off the boil means to lose energy or quality after a strong start, describing the second series.",The second series really gained enormous intensity because there was much more emphasis on the woman lawyer.,"To go off the boil means declining in quality, but the sentence describes it improving."
go public,'Many wives are frightened to 'go public' in case neighbours stop talking to them.,'Many wives are frightened to make matters publicly known in case neighbours stop talking to them.,"To go public means to reveal something openly rather than keeping it private, which the wives fear doing.",'Many wives are frightened to keep matters strictly private in case neighbours stop talking to them.,"To go public means making something known openly, but the sentence describes maintaining secrecy, which neighbours could not react to."
go to seed,"We learn it, though, as a sign of his going to seed — and we wonder.","We learn it, though, as a sign of his decline into neglect — and we wonder.","To go to seed means to deteriorate through lack of care, the sign being noted.","We learn it, though, as a sign of his rise into excellence — and we wonder.","The idiom means declining through neglect, but the sentence describes improvement."
go to the dogs,Country's going to the dogs — men out of work everywhere — there's no money about ….,Country's falling into ruin — men out of work everywhere — there's no money about ….,"To go to the dogs means to deteriorate badly, which the unemployment and lack of money illustrate.",Country's rising to new prosperity — men out of work everywhere — there's no money about ….,"To go to the dogs means falling into ruin, but the sentence claims prosperity, contradicting the rest of the sentence."
go under the hammer,Thousands of plates from the DVLA at Swansea are going under the hammer.,Thousands of plates from the DVLA at Swansea are being sold at auction.,"To go under the hammer means to be sold at auction, which is the fate of the plates.",Thousands of plates from the DVLA at Swansea are being withdrawn from sale.,"To go under the hammer means being auctioned, but the sentence describes them being kept back."
go up in smoke,Hopes of renewed love and peace soon went up in smoke.,Hopes of renewed love and peace soon came to nothing.,"To go up in smoke means to be destroyed or come to nothing, describing the fate of those hopes.",Hopes of renewed love and peace soon came to full realisation.,"To go up in smoke means coming to nothing, but the sentence describes the hopes being fulfilled."
go without saying,"It goes without saying that you must be quick, otherwise the opponent can turn the tables on you.","It is too obvious to need stating that you must be quick, otherwise the opponent can turn the tables on you.","To go without saying means something is so obvious it needs no explanation, applied to the need for speed.","It is far from obvious and needs careful proof that you must be quick, otherwise the opponent can turn the tables on you.","To go without saying means something is self-evident, but the sentence presents it as requiring argument."
grasp the nettle,The community has also grasped the nettle of the unemployment argument for development.,The community has also tackled head-on the difficult unemployment argument for development.,"To grasp the nettle means to confront a difficult problem decisively, which the community did.",The community has also carefully sidestepped the difficult unemployment argument for development.,"To grasp the nettle means confronting a difficulty, but the sentence describes avoiding it."
grease someone's palm,So McCloy greased your palm a bit to walk home with Hatton and catch him unawares.,So McCloy bribed you a bit to walk home with Hatton and catch him unawares.,"To grease someone's palm means to bribe them, which is the accusation being made.",So McCloy openly refused you payment to walk home with Hatton and catch him unawares.,"To grease someone's palm means paying a bribe, but the sentence describes payment being denied, which removes the inducement."
grease the wheels,"America believes oil can grease the wheels of democracy, insuring independence.","America believes oil can smooth the progress of democracy, insuring independence.","To grease the wheels means to make a process run more smoothly, which oil is thought to do for democracy.","America believes oil can obstruct the progress of democracy, insuring independence.","To grease the wheels means easing a process, but the sentence describes hindering it, which would not secure independence."
great minds think alike,"'Great minds think alike,' she said as if she'd invented the aphorism.","'Clever people reach the same conclusions,' she said as if she'd invented the aphorism.","Great minds think alike is said when two people independently have the same idea, which is the remark's point.","'Clever people always reach opposite conclusions,' she said as if she'd invented the aphorism.","Great minds think alike means clever people arrive at the same idea, but the sentence claims they always differ."
green light,For this reason he was given the green light to prepare more detailed proposals for further consideration.,For this reason he was given permission to proceed with preparing more detailed proposals for further consideration.,"A green light means authorisation to go ahead, which he received for the proposals.",For this reason he was given a firm instruction to halt work on preparing more detailed proposals for further consideration.,"A green light means permission to proceed, but the sentence describes being told to stop."
green with envy,It's enough to turn your fellow board directors green with envy.,It's enough to make your fellow board directors bitterly jealous.,"Green with envy means intensely jealous, which is the effect on the other directors.",It's enough to make your fellow board directors entirely indifferent.,"Green with envy means intense jealousy, but the sentence describes no reaction at all."
grin and bear it,The vast majority of officers learned to grin and bear it.,The vast majority of officers learned to endure it without complaint.,"To grin and bear it means to put up with something unpleasant without protest, which the officers learned to do.",The vast majority of officers learned to protest against it loudly.,"To grin and bear it means enduring quietly, but the sentence describes vocal objection."
grin like a cheshire cat,Gunter flicked his thumb this way and that and grinned like a Cheshire cat.,Gunter flicked his thumb this way and that and grinned with enormous self-satisfaction.,"To grin like a Cheshire cat means to smile very broadly and smugly, describing Gunter's expression.",Gunter flicked his thumb this way and that and grinned with barely a flicker of the lips.,"To grin like a Cheshire cat means smiling hugely, but the sentence describes a faint expression."
grind to a halt,All other production would grind to a halt tomorrow if women weren't producing these workers.,All other production would slowly come to a complete stop tomorrow if women weren't producing these workers.,"To grind to a halt means to slow and then stop entirely, which is the consequence described.",All other production would rapidly accelerate tomorrow if women weren't producing these workers.,"To grind to a halt means coming to a stop, but the sentence describes production speeding up."
grist to the mill,Whatever the bodyservant picks up may be grist to his master's mill.,Whatever the bodyservant picks up may be useful material for his master's purposes.,"Grist to the mill means anything that can be turned to advantage, which the overheard information becomes.",Whatever the bodyservant picks up may be useless clutter for his master's purposes.,"Grist to the mill means something turned to advantage, but the sentence describes it being worthless."
hair of the dog,The historic hair of the dog was invented by a member of the Harris family in the 1850s.,The historic morning-after drink to cure a hangover was invented by a member of the Harris family in the 1850s.,Hair of the dog means alcohol taken to relieve a hangover.,The historic remedy for total abstinence was invented by a member of the Harris family in the 1850s.,"Hair of the dog means drinking to cure a hangover, but the sentence describes avoiding alcohol."
hand in glove,"She did the bending and the kneeling, and they worked together hand in glove.","She did the bending and the kneeling, and they worked together in close cooperation.","Hand in glove means working together very closely, describing their partnership.","She did the bending and the kneeling, and they worked together in constant opposition.","Hand in glove means close cooperation, but the sentence describes them working against each other."
hand to mouth,Oxfam is trying to help these families escape from their hand to mouth existence.,Oxfam is trying to help these families escape from their existence with barely enough to survive on.,"Hand to mouth means having only just enough to live on with nothing spare, which Oxfam works to change.",Oxfam is trying to help these families escape from their existence of comfortable abundance.,"Hand to mouth means barely surviving, but the sentence describes plenty, which would need no escape."
hands down,"Although he didn't yet know it, he had won hands down.","Although he didn't yet know it, he had won easily and decisively.","Hands down means winning without difficulty, describing the scale of his victory.","Although he didn't yet know it, he had won by the narrowest of margins.","Hands down means an easy decisive win, but the sentence describes a close result."
hang by a thread,"Hopes of a title hat-trick hang by a thread, but all is not quite lost.","Hopes of a title hat-trick are in a precarious state, but all is not quite lost.","To hang by a thread means to be in a very precarious position, which fits hopes that are nearly but not entirely gone.","Hopes of a title hat-trick are in a thoroughly secure state, but all is not quite lost.","To hang by a thread means being precarious, but the sentence describes security, which makes the reassurance pointless."
hate someone's guts,I don't still hate his guts — if that's what you're asking.,I don't still detest him utterly — if that's what you're asking.,To hate someone's guts means to loathe them intensely.,I don't still adore him utterly — if that's what you're asking.,"The idiom means intense loathing, but the sentence describes devotion."
have a bash,There's something to have a bash at while you're relaxing over the Christmas hols!,There's something to make an attempt at while you're relaxing over the Christmas hols!,"To have a bash at something means to try it, offered here as a holiday activity.",There's something to steer well clear of while you're relaxing over the Christmas hols!,"To have a bash at something means attempting it, but the sentence advises avoiding it."
have a few,When he'd had a few drinks he could be noisy.,When he'd had several alcoholic drinks he could be noisy.,To have a few means to consume several alcoholic drinks.,When he'd had no alcoholic drinks at all he could be noisy.,"The idiom means having several drinks, but the sentence describes abstaining."
have a foot in both camps,Macaulay was one of those who had a foot in both camps.,Macaulay was one of those who belonged partly to each of two opposing sides.,"To have a foot in both camps means to be associated with two opposing groups at once, describing Macaulay's position.",Macaulay was one of those who belonged wholly to one side alone.,"To have a foot in both camps means being connected to both sides, but the sentence describes exclusive loyalty."
have a mountain to climb,He had a mountain to climb and he was jolly well going to reach the top or die in the attempt.,He had an enormous task ahead of him and he was jolly well going to reach the top or die in the attempt.,To have a mountain to climb means to face a formidable challenge.,He had a trivially simple task ahead of him and he was jolly well going to reach the top or die in the attempt.,"The idiom means facing a huge challenge, but the sentence makes it easy, which the vow contradicts."
have an eye for,You'd think this bird had an eye for the women.,You'd think this bird had a keen appreciation of the women.,"To have an eye for something means to have a good instinct or appreciation for it, which is the suggestion made.",You'd think this bird had no interest whatever in the women.,"To have an eye for something means appreciating it keenly, but the sentence describes total indifference."
have been around,"'Look, kid, I've been around, I know what happens with kids like you.","'Look, kid, I have plenty of worldly experience, I know what happens with kids like you.","To have been around means to be experienced in the ways of the world, supporting the claim to knowledge.","'Look, kid, I have no experience whatever, I know what happens with kids like you.","The idiom means being experienced, but the sentence claims ignorance, which undercuts the assertion."
have it both ways,"She had no idea what she wanted, but it wasn't a licence to have it both ways.","She had no idea what she wanted, but it wasn't a licence to enjoy two incompatible options at once.","To have it both ways means to benefit from two conflicting positions simultaneously, which she was not entitled to do.","She had no idea what she wanted, but it wasn't a licence to choose one option and abide by it.","To have it both ways means taking two incompatible positions, but the sentence describes committing to one."
have it easy,There are many who feel prisoners have had it too easy.,There are many who feel prisoners have faced too few hardships.,"To have it easy means to face fewer difficulties than others think appropriate, which is the complaint made.",There are many who feel prisoners have faced too many hardships.,"To have it easy means facing few difficulties, but the sentence describes excessive hardship, reversing the complaint."
have no truck with,"It does lead to ignorance, for you cannot understand what you deliberately chose to have no truck with.","It does lead to ignorance, for you cannot understand what you deliberately chose to have no dealings with.",To have no truck with something means to refuse all involvement with it.,"It does lead to ignorance, for you cannot understand what you deliberately chose to engage closely with.","The idiom means refusing involvement, but the sentence describes close engagement, which would not cause ignorance."
have other fish to fry,IBM and Hewlett-Packard appear to have other fish to fry.,IBM and Hewlett-Packard appear to have more important matters to attend to.,"To have other fish to fry means to have more pressing concerns elsewhere, which is the assessment of the two companies.",IBM and Hewlett-Packard appear to have no other matters to attend to.,"To have other fish to fry means having competing priorities, but the sentence describes having none."
have someone on toast,"The more he thought, the more I knew I had him on toast.","The more he thought, the more I knew I had him completely at my mercy.","To have someone on toast means to have them entirely in your power, which is the growing realisation.","The more he thought, the more I knew I had him entirely beyond my reach.","To have someone on toast means having them in your power, but the sentence describes losing all leverage."
have someone's guts for garters,If Jake found out he would have her guts for garters!,If Jake found out he would punish her severely!,"To have someone's guts for garters means to inflict a severe punishment on them, which is the threatened consequence.",If Jake found out he would forgive her instantly!,"To have someone's guts for garters means punishing severely, but the sentence describes immediate forgiveness."
have the last laugh,"Well, who was it who had the last laugh now?","Well, who was it who ended up vindicated in the end now?","To have the last laugh means to end up triumphant after appearing to lose, which the question points to.","Well, who was it who ended up humiliated in the end now?","To have the last laugh means ending up triumphant, but the sentence describes final defeat."
have your work cut out,You sure have your work cut out for you.,You sure have a very difficult task ahead of you.,To have your work cut out means to face a demanding job.,You sure have a very easy task ahead of you.,"The idiom means facing difficulty, but the sentence describes an easy job."
head for the hills,Newspapers were quietly folded and they headed for the hills.,Newspapers were quietly folded and they made a hasty retreat.,"To head for the hills means to flee to avoid trouble, describing the quiet departure.",Newspapers were quietly folded and they moved to confront the trouble directly.,"To head for the hills means fleeing trouble, but the sentence describes facing it, which conflicts with the quiet exit."
head over heels,It wasn't just the usual liaison: the two of them fell head over heels in love.,It wasn't just the usual liaison: the two of them fell completely and helplessly in love.,"Head over heels means being utterly overwhelmed by love, which distinguishes this from a usual liaison.",It wasn't just the usual liaison: the two of them fell mildly and cautiously in love.,"Head over heels means falling completely in love, but the sentence describes restrained feeling, which removes the contrast."
head south,The approval ratings for Russia's president and prime minister are heading south.,The approval ratings for Russia's president and prime minister are declining sharply.,"To head south means to deteriorate or fall, describing the ratings.",The approval ratings for Russia's president and prime minister are climbing sharply.,"To head south means falling, but the sentence describes a rise."
heads will roll,"We do … and heads will roll, Hayman warned.","We do … and people will be dismissed, Hayman warned.",Heads will roll means that people will lose their jobs as a consequence.,"We do … and people will be promoted, Hayman warned.","The idiom means dismissals, but the sentence describes advancement, which is no warning."
heart and soul,"His heart and soul were in the scene, and with his former self.","His whole being and deepest feeling were in the scene, and with his former self.","Heart and soul means one's entire self and full emotional commitment, which he invested in the scene.","His passing curiosity and idle attention were in the scene, and with his former self.","Heart and soul means total commitment, but the sentence describes casual interest."
heart of gold,They don't usually come at Christmas now but she's a real heart of gold and worries about me.,They don't usually come at Christmas now but she's a truly kind and generous person and worries about me.,"A heart of gold means a genuinely kind and generous nature, which explains her concern.",They don't usually come at Christmas now but she's a thoroughly cold and selfish person and worries about me.,"A heart of gold means being kind and generous, but the sentence describes selfishness, which conflicts with her worrying."
hedge your bets,ANDREW ARROWSMITH has the information to help you hedge your bets.,ANDREW ARROWSMITH has the information to help you spread your risk across options.,"To hedge your bets means to protect yourself by not committing to a single outcome, which the information supports.",ANDREW ARROWSMITH has the information to help you stake everything on one outcome.,"To hedge your bets means spreading risk, but the sentence describes committing everything to a single choice."
hell for leather,What d'you mean?' — and ran hell-for-leather after him.,What d'you mean?' — and ran at full reckless speed after him.,"Hell for leather means moving as fast as possible with little care, describing the pursuit.",What d'you mean?' — and ran at a slow careful pace after him.,"Hell for leather means moving at reckless speed, but the sentence describes a cautious pace."
high and dry,It was a couple of weeks before and I was left high and dry without a partner.,It was a couple of weeks before and I was left stranded without help without a partner.,"High and dry means being abandoned without support, which is the speaker's position.",It was a couple of weeks before and I was left thoroughly supported without a partner.,"High and dry means being left without help, but the sentence describes being well supported."
high and mighty,For the high and mighty only appear so because we are on our knees.,For the arrogant and self-important only appear so because we are on our knees.,"High and mighty means behaving as though superior to others, which the sentence attributes to our own deference.",For the humble and unassuming only appear so because we are on our knees.,"High and mighty means arrogantly superior, but the sentence describes modesty, which removes the point being made."
high as a kite,"Suddenly flying as high as a kite, she couldn't resist the tiny gibe.","Suddenly feeling wildly elated, she couldn't resist the tiny gibe.","High as a kite means being in a state of great excitement or elation, which prompted the gibe.","Suddenly feeling deeply depressed, she couldn't resist the tiny gibe.","High as a kite means feeling elated, but the sentence describes low spirits."
hit a nerve,"Rory flinched, the unexpected follow-up question hitting a nerve that was still raw even several years on.","Rory flinched, the unexpected follow-up question touching a sensitive point that was still raw even several years on.","To hit a nerve means to touch on something someone is sensitive about, which explains Rory's flinch.","Rory flinched, the unexpected follow-up question touching a matter of complete indifference that was still raw even several years on.","To hit a nerve means touching a sensitive point, but the sentence describes indifference, which conflicts with flinching."
hit and miss,"Some local authorities are arranging for pick-ups, but it is still a very hit and miss affair.","Some local authorities are arranging for pick-ups, but it is still a very unreliable and inconsistent affair.","Hit and miss means succeeding only sometimes and unpredictably, describing the state of the arrangements.","Some local authorities are arranging for pick-ups, but it is still a very dependable and consistent affair.","Hit and miss means unreliable and inconsistent, but the sentence describes dependability."
hit home,She gazed at him in horrified disbelief as realisation hit home.,She gazed at him in horrified disbelief as realisation fully sank in.,"To hit home means for something to be understood with full force, which prompted her horror.",She gazed at him in horrified disbelief as realisation barely registered.,"To hit home means being understood with full force, but the sentence describes it hardly registering, which conflicts with her horror."
hit the bottle,— hit the bottle with a vengeance when the group made the big time.,— began drinking heavily with a vengeance when the group made the big time.,"To hit the bottle means to start drinking alcohol heavily, which followed the group's success.",— gave up alcohol entirely with a vengeance when the group made the big time.,"To hit the bottle means drinking heavily, but the sentence describes abstinence."
hit the ground running,Their purpose is to allow any new administration to hit the ground running.,Their purpose is to allow any new administration to begin work at full effectiveness immediately.,To hit the ground running means to start something already fully effective.,Their purpose is to allow any new administration to begin work very slowly indeed.,"The idiom means starting at full pace, but the sentence describes a slow start."
hit the headlines,Sir — Once again the traffic issue hits the headlines.,Sir — Once again the traffic issue receives prominent news coverage.,"To hit the headlines means to become a major news story, which the traffic issue has done again.",Sir — Once again the traffic issue passes entirely unreported.,"To hit the headlines means receiving major coverage, but the sentence describes it being ignored."
hit the jackpot,And six days later she hit the jackpot … when Bonnie paid back the cash.,And six days later she had a great stroke of luck … when Bonnie paid back the cash.,"To hit the jackpot means to have a sudden major success or piece of luck, which the repayment represented.",And six days later she suffered a serious misfortune … when Bonnie paid back the cash.,"To hit the jackpot means a stroke of good fortune, but the sentence describes misfortune, which repayment would not be."
hit the mark,Melissa's eyes glinted murder and Robyn knew she had hit the mark.,Melissa's eyes glinted murder and Robyn knew she had struck exactly the right target.,"To hit the mark means to say something precisely accurate or effective, confirmed by Melissa's reaction.",Melissa's eyes glinted murder and Robyn knew she had missed the target completely.,"To hit the mark means being precisely on target, but the sentence describes missing, which would not provoke that reaction."
hit the nail on the head,Grandma had hit the nail on the head as usual.,Grandma had identified the point exactly as usual.,"To hit the nail on the head means to describe something with complete accuracy, which Grandma habitually did.",Grandma had missed the point entirely as usual.,"To hit the nail on the head means being exactly right, but the sentence describes being wrong."
hit the right note,"It is a bizarre tale, and Cobb makes it memorable by hitting just the right note of horror and amusement.","It is a bizarre tale, and Cobb makes it memorable by striking exactly the right tone of horror and amusement.",To hit the right note means to achieve exactly the appropriate tone.,"It is a bizarre tale, and Cobb makes it memorable by striking entirely the wrong tone of horror and amusement.","The idiom means getting the tone right, but the sentence describes getting it wrong, which would not make it memorable."
hit the road,THE Ulster Society are about to hit the road on one of their magical history tours.,THE Ulster Society are about to set off travelling on one of their magical history tours.,"To hit the road means to begin a journey, which the tour requires.",THE Ulster Society are about to settle in one place on one of their magical history tours.,"To hit the road means setting off travelling, but the sentence describes staying put, which a tour could not do."
hit the sack,Then the two cups of decaff before you hit the sack.,Then the two cups of decaff before you go to bed.,"To hit the sack means to go to bed, which the decaffeinated coffee precedes.",Then the two cups of decaff before you start the working day.,"To hit the sack means going to bed, but the sentence describes starting the day, which decaff would not suit."
hobson's choice,"In terms of disability services, the choice available to us amounts to little more than Hobson's choice.","In terms of disability services, the choice available to us amounts to little more than take it or nothing.",Hobson's choice means an apparent choice where only one option is actually available.,"In terms of disability services, the choice available to us amounts to little more than a wide range of options.","Hobson's choice means having no real alternative, but the sentence describes abundant options."
hold all the aces,"I knew that, in the cold light of day, he held all the aces.","I knew that, in the cold light of day, he held every advantage.",To hold all the aces means to have all the advantages in a situation.,"I knew that, in the cold light of day, he held no advantage at all.","The idiom means holding every advantage, but the sentence describes having none."
hold court,CHRIS TARRANT (left) holding court … and caught holding.,CHRIS TARRANT (left) dominating the gathering with talk … and caught holding.,"To hold court means to be the centre of attention among a group of listeners, which is what Tarrant is doing.",CHRIS TARRANT (left) listening quietly at the edge of the gathering … and caught holding.,"To hold court means commanding the attention of a group, but the sentence describes staying on the sidelines."
hold someone's hand,At this stage he no longer had any Americans holding his hand.,At this stage he no longer had any Americans giving him constant support.,"To hold someone's hand means to give them reassurance and guidance throughout, which he had lost.",At this stage he no longer had any Americans leaving him entirely alone.,"To hold someone's hand means providing support, but the sentence describes abandonment, which he already had."
hold the fort,"I'm sure Becky can hold the fort — besides, I'll be around if I'm needed.","I'm sure Becky can manage in my absence — besides, I'll be around if I'm needed.","To hold the fort means to take charge while someone else is away, which is Becky's role.","I'm sure Becky can abandon the post entirely — besides, I'll be around if I'm needed.","To hold the fort means taking charge in someone's absence, but the sentence describes leaving it unattended."
hold the purse strings,"The same hopes as any other pensioner, unless of course that pensioner happens to hold the purse strings.","The same hopes as any other pensioner, unless of course that pensioner happens to control the money.","To hold the purse strings means to have control over spending, which sets that pensioner apart.","The same hopes as any other pensioner, unless of course that pensioner happens to depend on others for money.","To hold the purse strings means controlling the money, but the sentence describes financial dependence, which would not set them apart."
hold the ring,The judge is there to hold the ring impartially and to direct the jury on the law.,The judge is there to supervise the contest impartially and to direct the jury on the law.,"To hold the ring means to oversee a dispute without taking sides, which is the judge's function.",The judge is there to take one side firmly and to direct the jury on the law.,"To hold the ring means overseeing impartially, but the sentence describes partisanship, which conflicts with impartially."
hold water,"At the meeting he said a lot, but his argument did not hold water.","At the meeting he said a lot, but his argument did not stand up to scrutiny.","To hold water means to be sound and withstand examination, which his argument failed to do.","At the meeting he said a lot, but his argument did not contain any flaws.","To hold water means standing up to scrutiny, but the sentence describes a flawless argument, reversing the criticism."
hold your tongue,"You've got to have the sense to hold your tongue, my girl, Buzz told herself.","You've got to have the sense to stay silent, my girl, Buzz told herself.","To hold your tongue means to refrain from speaking, the self-instruction given.","You've got to have the sense to speak out freely, my girl, Buzz told herself.","The idiom means staying silent, but the sentence urges speaking."
home and dry,"With this discovery the concept of sea-floor spreading was home and dry, and almost universally accepted.","With this discovery the concept of sea-floor spreading was safely established, and almost universally accepted.","Home and dry means having succeeded beyond any doubt, which the discovery secured for the concept.","With this discovery the concept of sea-floor spreading was still in serious jeopardy, and almost universally accepted.","Home and dry means being safely successful, but the sentence describes continuing danger, which conflicts with universal acceptance."
hope against hope,She had hoped against hope that somehow the panel would realise that an enormous mistake had been made.,She had hoped desperately despite the odds that somehow the panel would realise that an enormous mistake had been made.,"To hope against hope means to keep hoping when there is little reason to, which describes her state.",She had expected with total confidence that somehow the panel would realise that an enormous mistake had been made.,"To hope against hope means hoping despite poor odds, but the sentence describes certainty."
horses for courses,'Horses for courses' in this context implies that entrepreneurial mobility is limited.,'Matching the right person to the right task' in this context implies that entrepreneurial mobility is limited.,"Horses for courses means selecting whoever best suits the particular task, which is the principle invoked.",'Anyone can be placed in any task' in this context implies that entrepreneurial mobility is limited.,"Horses for courses means matching people to suitable tasks, but the sentence treats people as interchangeable."
hot air,He is a collector's item as full of hot air as he is of magical ideas.,He is a collector's item as full of empty boasting as he is of magical ideas.,"Hot air means talk that sounds impressive but has no substance, contrasted here with genuine ideas.",He is a collector's item as full of substantial argument as he is of magical ideas.,"Hot air means empty talk, but the sentence describes weighty argument, which removes the contrast."
hot and bothered,"It was too unsettling, made her feel too hot and bothered.","It was too unsettling, made her feel too flustered and uncomfortable.","Hot and bothered means being agitated and uncomfortable, which the unsettling situation produced.","It was too unsettling, made her feel too calm and composed.","Hot and bothered means feeling flustered, but the sentence describes composure, which conflicts with being unsettled."
hot under the collar,"Third, people should get hot under the collar when presented with dreary architecture.","Third, people should get angry and indignant when presented with dreary architecture.","To get hot under the collar means to become annoyed, which is the reaction being urged.","Third, people should get calmly accepting when presented with dreary architecture.","To get hot under the collar means becoming annoyed, but the sentence recommends placid acceptance."
in a rut,It was on points like these that the debate always stuck in a rut.,It was on points like these that the debate always stuck in an unchanging pattern.,"To be in a rut means to be stuck in a fixed way of doing things, describing the debate's repetition.",It was on points like these that the debate always broke into fresh directions.,"To be in a rut means being stuck in a fixed pattern, but the sentence describes constant novelty."
in bed with,"Not that she wanted him here in bed with her, of course, she told herself quickly.","Not that she wanted him here sharing her bed, of course, she told herself quickly.","Here the phrase is used in its plain physical sense, describing what she denies wanting.","Not that she wanted him here in a distant room, of course, she told herself quickly.","The phrase means sharing a bed, but the sentence places him elsewhere entirely."
in black and white,"It's on in black and white and fifties, it looks quite good fun.","It's on in monochrome and fifties, it looks quite good fun.","In black and white here means filmed without colour, describing the period style of the programme.","It's on in vivid colour and fifties, it looks quite good fun.","In black and white means without colour, but the sentence describes a colour production."
in broad daylight,"Especially if you add that the incident in question took place in public, and in broad daylight.","Especially if you add that the incident in question took place in public, and openly during the day.","In broad daylight means happening openly in full view during the day, reinforcing the public nature of the incident.","Especially if you add that the incident in question took place in public, and under cover of darkness.","In broad daylight means happening openly in daytime, but the sentence describes concealment at night."
in business,"The agency could be in business for less money than NATO spends in one hour, say its backers.","The agency could be up and running for less money than NATO spends in one hour, say its backers.","To be in business means to be operational and functioning, which the backers claim is cheap to achieve.","The agency could be permanently shut down for less money than NATO spends in one hour, say its backers.","To be in business means being operational, but the sentence describes closure, which the backers would not be promoting."
in full swing,The wedding party was in full swing when she arrived back at the château.,The wedding party was at its liveliest peak when she arrived back at the château.,"In full swing means at the height of activity, describing the party when she returned.",The wedding party was barely getting started when she arrived back at the château.,"In full swing means at peak activity, but the sentence describes a party that has hardly begun."
in hot water,I shall be in hot water with some gay acquaintances for even listing homosexuality among deviations.,I shall be in serious trouble with some gay acquaintances for even listing homosexuality among deviations.,"To be in hot water means to be in trouble with someone, which the author expects.",I shall be in high favour with some gay acquaintances for even listing homosexuality among deviations.,"To be in hot water means being in trouble, but the sentence describes approval, which the context makes implausible."
in someone's pocket,"Keeps Biff in his pocket, everybody knows that.","Keeps Biff completely under his control, everybody knows that.",To have someone in your pocket means to have them wholly under your influence.,"Keeps Biff completely independent of him, everybody knows that.","The idiom means controlling someone, but the sentence describes their independence."
in spades,"If she'd stung him before then he got his revenge now, and in spades.","If she'd stung him before then he got his revenge now, and in great abundance.","In spades means to a very large degree, emphasising the scale of the revenge.","If she'd stung him before then he got his revenge now, and in the smallest measure.","In spades means to a great degree, but the sentence reduces the revenge to a token amount."
in stitches,And his own unique brand of droll self-mockery had his audiences in stitches.,And his own unique brand of droll self-mockery had his audiences laughing helplessly.,"To have someone in stitches means to make them laugh uncontrollably, the effect of his self-mockery.",And his own unique brand of droll self-mockery had his audiences sitting in stony silence.,"To have someone in stitches means making them laugh hard, but the sentence describes no reaction at all."
in tandem,"The couple may even fly through the air awkwardly, in tandem.","The couple may even fly through the air awkwardly, both together at once.","In tandem means two things happening together or in conjunction, describing the pair moving as one.","The couple may even fly through the air awkwardly, each entirely separately.","In tandem means acting together, but the sentence describes them moving independently, which conflicts with 'the couple'."
in the bag,I can't wait to tell Nick I've got his job in the bag.,I can't wait to tell Nick I've got his job securely guaranteed.,"In the bag means certain to be obtained, which is the confidence being expressed.",I can't wait to tell Nick I've got his job still entirely uncertain.,"In the bag means being certain, but the sentence describes doubt, which would not prompt excitement."
in the black,This ought to bring in enough money to put us back in the black.,This ought to bring in enough money to put us back into profit.,"To be in the black means to have money rather than debt, which the income would restore.",This ought to bring in enough money to put us back into debt.,"To be in the black means being in profit, but the sentence describes falling into debt, which extra income would not cause."
in the blink of an eye,"That was Mandy, from pathos to pleasure in the blink of an eye.","That was Mandy, from pathos to pleasure in an instant.","In the blink of an eye means happening extremely quickly, describing Mandy's swift change of mood.","That was Mandy, from pathos to pleasure over many slow months.","In the blink of an eye means happening instantly, but the sentence describes a gradual change."
in the can,"But her boy, who already has one success in the can, would settle for a shiny new toy.","But her boy, who already has one success safely completed, would settle for a shiny new toy.","In the can means finished and secured, describing the success already achieved.","But her boy, who already has one success still far from finished, would settle for a shiny new toy.","In the can means completed, but the sentence describes something unfinished."
in the clear,Now I need you to back up my story and put me in the clear.,Now I need you to back up my story and free me from suspicion.,"To be in the clear means to be free of blame or suspicion, which the backing would achieve.",Now I need you to back up my story and place me under heavy suspicion.,"To be in the clear means being free of suspicion, but the sentence describes attracting it, which he would not want."
in the dock,But don't forget this: Gustave has been in the dock before.,But don't forget this: Gustave has stood accused in court before.,"To be in the dock means to be on trial facing accusations, which Gustave has experienced.",But don't forget this: Gustave has presided as judge before.,"To be in the dock means being the accused, but the sentence puts him in authority over the court."
in the doghouse,I'd only end up in the doghouse myself wouldn't I?,I'd only end up in disgrace myself wouldn't I?,"To be in the doghouse means to be out of favour after doing something wrong, the fate anticipated.",I'd only end up thoroughly praised myself wouldn't I?,"To be in the doghouse means being in disgrace, but the sentence describes earning approval."
in the driving seat,"Really we're trying to give young people a voice, put them in the driving seat.","Really we're trying to give young people a voice, put them in control.","To be in the driving seat means to be in charge of what happens, which is the aim for young people.","Really we're trying to give young people a voice, put them under strict supervision.","To be in the driving seat means being in control, but the sentence describes them being controlled by others."
in the fast lane,"His widow, Sarah, said: He was always in the fast lane.","His widow, Sarah, said: He always lived at a hectic exciting pace.","Life in the fast lane means a fast, exciting and often risky way of living.","His widow, Sarah, said: He always lived at a slow uneventful pace.","The idiom means living fast, but the sentence describes a quiet life."
in the final analysis,But in the final analysis it had been he who wanted out.,But when everything is considered it had been he who wanted out.,"In the final analysis means when all factors are taken into account, introducing the ultimate conclusion.",But on the most superficial glance it had been he who wanted out.,"In the final analysis means after full consideration, but the sentence describes a hasty impression."
in the lap of luxury,Fido too is living in the lap of luxury in pet-crazy Britain.,Fido too is living in great comfort and wealth in pet-crazy Britain.,"In the lap of luxury means living in conditions of great comfort, which the pampered dog enjoys.",Fido too is living in harsh deprivation in pet-crazy Britain.,"In the lap of luxury means living in comfort, but the sentence describes hardship, which conflicts with pet-crazy Britain."
in the long run,"Unless something changes, there is little chance that the MDG targets can be sustained in the long run.","Unless something changes, there is little chance that the MDG targets can be sustained over an extended period.","In the long run means over an extended future period, which is the timeframe in doubt.","Unless something changes, there is little chance that the MDG targets can be sustained for the next few minutes.","In the long run means over an extended period, but the sentence shrinks it to a moment."
in the long term,"That's one corporate plan that can't win, not in the long term.","That's one corporate plan that can't win, not over an extended future period.","In the long term means over a distant future timeframe, which is when the plan will fail.","That's one corporate plan that can't win, not in the next few seconds.","In the long term means over an extended period, but the sentence shrinks it to an instant."
in the nick of time,With repairs completed in the nick of time she sailed for the operation with a depleted crew.,With repairs completed at the last possible moment she sailed for the operation with a depleted crew.,"In the nick of time means only just in time before it is too late, describing how close the repairs ran.",With repairs completed far ahead of schedule she sailed for the operation with a depleted crew.,"In the nick of time means barely in time, but the sentence describes finishing early."
in the offing,"No telecottages have been established, but there are several initiatives in the offing.","No telecottages have been established, but there are several initiatives expected soon.","In the offing means likely to happen before long, describing the anticipated initiatives.","No telecottages have been established, but there are several initiatives long since abandoned.","In the offing means expected soon, but the sentence describes initiatives that are finished with."
in the pipeline,All the big groups approached by the magazine Hospitality had big leisure plans in the pipeline.,All the big groups approached by the magazine Hospitality had big leisure plans already under way.,"In the pipeline means being prepared and on the way to completion, describing the leisure plans.",All the big groups approached by the magazine Hospitality had big leisure plans firmly ruled out.,"In the pipeline means in preparation, but the sentence describes plans that have been rejected."
in the raw,He didn't much care for nature in the raw: it was messy and wasteful and there was too much of it.,He didn't much care for nature in its untamed natural state: it was messy and wasteful and there was too much of it.,"In the raw means in an unrefined natural condition, which explains the mess.",He didn't much care for nature in its carefully cultivated state: it was messy and wasteful and there was too much of it.,"In the raw means untamed, but the sentence describes cultivation, which would not be messy."
in the red,Gloucestershire Police are warning that a spate of rave parties will put their budget in the red.,Gloucestershire Police are warning that a spate of rave parties will put their budget into deficit.,"To be in the red means to owe more than you have, the warning about the budget.",Gloucestershire Police are warning that a spate of rave parties will put their budget into surplus.,"To be in the red means being in deficit, but the sentence describes a surplus, which needs no warning."
in the running,Goal of the week; it'll be in the running for goal of the season.,Goal of the week; it'll be a serious contender for goal of the season.,"To be in the running means to be a genuine candidate for something, which the goal is.",Goal of the week; it'll be firmly excluded from goal of the season.,"To be in the running means being a contender, but the sentence describes disqualification."
in the same breath,Mostly when they are mentioned they are mentioned in the same breath as legacies.,Mostly when they are mentioned they are mentioned together at the same moment as legacies.,"In the same breath means mentioning two things together as though linked, which is how they are treated.",Mostly when they are mentioned they are mentioned at entirely separate times from legacies.,"In the same breath means mentioning things together, but the sentence separates them."
in the short run,"In the short run, we may well see climate-related concerns become the newest excuse for increased trade protectionism.","In the immediate future, we may well see climate-related concerns become the newest excuse for increased trade protectionism.","In the short run means over the near term rather than the distant future, framing the prediction.","Over the coming centuries, we may well see climate-related concerns become the newest excuse for increased trade protectionism.","In the short run means the near future, but the sentence stretches it across centuries."
in the soup,That would put you right in the soup.,That would put you right in serious trouble.,To be in the soup means to be in difficulty.,That would put you right in perfect safety.,"The idiom means being in trouble, but the sentence describes security."
in the sticks,We must have been right out in the sticks.,We must have been right out in the remote countryside.,"In the sticks means far from any town, in a rural backwater.",We must have been right out in the city centre.,"In the sticks means remote countryside, but the sentence places them in a city."
in this day and age,Taxi drivers came down her street in this day and age as if in fear of their lives.,Taxi drivers came down her street in modern times as if in fear of their lives.,"In this day and age means in the present era, contrasting modern expectations with the drivers' fear.",Taxi drivers came down her street in the distant past as if in fear of their lives.,"In this day and age means the present era, but the sentence places the events long ago, removing the contrast."
in two shakes,She'd knock it into you in two shakes.,She'd knock it into you in a moment.,In two shakes means very quickly indeed.,She'd knock it into you over many long years.,"The idiom means very quickly, but the sentence describes a slow process."
in your blood,"If it's in your blood, your ancestry, then I think that is fair enough.","If it's an inherited part of your nature, your ancestry, then I think that is fair enough.","In your blood means being an inherent inherited trait, reinforced by the mention of ancestry.","If it's a recently acquired habit, your ancestry, then I think that is fair enough.","The idiom means an inherited trait, but the sentence describes something newly picked up, which ancestry contradicts."
in your dreams,You'll have to have another go in your dreams Theresa.,You'll have to have another go only in your imagination Theresa.,"In your dreams is a dismissal meaning something will only ever happen in imagination, aimed at Theresa.",You'll have to have another go very shortly in reality Theresa.,"In your dreams means something will never actually happen, but the sentence promises it will."
in your element,You'd be in your element you would.,You'd be perfectly in your natural setting you would.,To be in your element means to be doing what suits you best.,You'd be entirely out of your natural setting you would.,"The idiom means being well suited, but the sentence describes discomfort."
in your face,"J is angry, but he realises you haven't got to get totally in-your-face to get a serious message across.","J is angry, but he realises you haven't got to get totally aggressive and confrontational to get a serious message across.","In your face means brashly confrontational, which J recognises is unnecessary.","J is angry, but he realises you haven't got to get totally gentle and retiring to get a serious message across.","In your face means confrontational, but the sentence describes mildness, which reverses the realisation."
into thin air,"COMPLAINTS about airline baggage which disappears into thin air are soaring, a new report revealed yesterday.","COMPLAINTS about airline baggage which vanishes without trace are soaring, a new report revealed yesterday.","To disappear into thin air means to vanish completely and inexplicably, which is what happens to the baggage.","COMPLAINTS about airline baggage which is promptly recovered are soaring, a new report revealed yesterday.","To disappear into thin air means vanishing without trace, but the sentence describes baggage being found, which would not prompt complaints."
it never rains but it pours,It never rains but it pours for Gloucester.,Misfortunes always seem to arrive all at once for Gloucester.,The saying means troubles come in clusters rather than singly.,Misfortunes always seem to arrive singly and well spaced for Gloucester.,"The saying means troubles arrive together, but the sentence describes them coming separately."
it takes two to tango,"It takes two to tango; and if one of them will not, there is no dance.","Both parties must participate; and if one of them will not, there is no dance.","It takes two to tango means an activity requires both parties to take part, which the rest of the sentence spells out.","One party alone is sufficient; and if one of them will not, there is no dance.","It takes two to tango means both must participate, but the sentence says one is enough, contradicting what follows."
jockey for position,Bribery is rife in jockeying for good positions on the dealing floor of some firms.,Bribery is rife in manoeuvring for good positions on the dealing floor of some firms.,"To jockey for position means to compete and manoeuvre for advantage, which the bribery accompanies.",Bribery is rife in declining good positions on the dealing floor of some firms.,"To jockey for position means competing for advantage, but the sentence describes turning positions down, which bribery would not serve."
jump on the bandwagon,Conference organisers have not been slow in jumping on the bandwagon.,Conference organisers have not been slow in joining a popular trend.,"To jump on the bandwagon means to adopt something because it has become popular, which the organisers did quickly.",Conference organisers have not been slow in rejecting a popular trend.,"To jump on the bandwagon means joining a trend, but the sentence describes refusing it."
jump ship,"Sam seriously injured the fellow, and was then compelled to jump ship.","Sam seriously injured the fellow, and was then compelled to abandon his post suddenly.","To jump ship means to leave abruptly to escape a situation, which the injury forced on Sam.","Sam seriously injured the fellow, and was then compelled to remain loyally at his post.","To jump ship means leaving abruptly, but the sentence describes staying on."
jump the gun,"I think you're jumping the gun a bit here, André volunteered awkwardly.","I think you're acting prematurely a bit here, André volunteered awkwardly.",To jump the gun means to act before the proper time.,"I think you're acting far too late a bit here, André volunteered awkwardly.","The idiom means acting too early, but the sentence describes acting too late."
jump the queue,"Such old-boy networks were one way of jumping the promotion queue, of obtaining sponsorship.","Such old-boy networks were one way of unfairly getting ahead of others waiting for promotion, of obtaining sponsorship.","To jump the queue means to get ahead of others who were waiting, which the networks enabled.","Such old-boy networks were one way of patiently waiting your turn for promotion, of obtaining sponsorship.","To jump the queue means bypassing others, but the sentence describes waiting properly, which needs no network."
jump the track,There are times when your life seems to jump tracks.,There are times when your life seems to veer onto a completely different course.,"To jump the track means to depart abruptly from an expected course, describing an unexpected turn in life.",There are times when your life seems to continue on exactly the same course.,"To jump the track means departing from the expected course, but the sentence describes continuity."
jump through hoops,So why are you jumping through all these self-imposed hoops?,So why are you going through all these self-imposed elaborate difficulties?,"To jump through hoops means to go through unnecessary and troublesome procedures, which the question queries.",So why are you skipping all these self-imposed elaborate difficulties?,"To jump through hoops means going through troublesome procedures, but the sentence describes avoiding them."
jump to conclusions,The inductivist insists that we should not jump to conclusions.,The inductivist insists that we should not decide hastily without sufficient evidence.,"To jump to conclusions means to reach a judgement before examining the evidence, which is warned against.",The inductivist insists that we should not weigh the evidence carefully before deciding.,"To jump to conclusions means deciding hastily, but the sentence warns against careful reasoning, which reverses the point."
keep a lid on,At the moment all we're doing is keeping the lid on a still pretty serious problem.,At the moment all we're doing is holding in check a still pretty serious problem.,"To keep a lid on something means to stop it from becoming worse or public, which is all that is being managed.",At the moment all we're doing is letting loose a still pretty serious problem.,"To keep a lid on something means containing it, but the sentence describes allowing it to escalate."
keep a low profile,But since then they have kept a low profile and not made their findings public.,But since then they have deliberately avoided attention and not made their findings public.,"To keep a low profile means to avoid drawing attention to yourself, consistent with withholding the findings.",But since then they have deliberately sought attention and not made their findings public.,"To keep a low profile means avoiding attention, but the sentence describes courting it, which conflicts with staying silent."
keep a straight face,How can you say that and keep a straight face?,How can you say that and avoid laughing?,"To keep a straight face means to stay serious when something is funny, which the question doubts is possible.",How can you say that and burst out laughing?,"To keep a straight face means suppressing laughter, but the sentence describes giving in to it."
keep body and soul together,He's relieved he can pay his bills and keep body and soul reasonably well together.,He's relieved he can pay his bills and barely sustain himself reasonably well.,To keep body and soul together means to survive on the barest means.,He's relieved he can pay his bills and live in considerable luxury.,"The idiom means bare survival, but the sentence describes affluence."
keep mum,The grinning skull on the back of the mystery woman's jacket is keeping mum.,The grinning skull on the back of the mystery woman's jacket is staying silent.,"To keep mum means to say nothing about something, which the skull metaphorically does.",The grinning skull on the back of the mystery woman's jacket is telling all.,"To keep mum means staying silent, but the sentence describes revealing everything."
keep someone in the dark,'Woody tends to keep people in the dark about everything.,'Woody tends to keep people uninformed about everything.,"To keep someone in the dark means to withhold information from them, which is Woody's habit.",'Woody tends to keep people fully briefed about everything.,"To keep someone in the dark means withholding information, but the sentence describes full disclosure."
keep someone posted,"Then, we'll keep you posted as to what happens next.","Then, we'll keep you regularly informed as to what happens next.","To keep someone posted means to give them ongoing updates, which is the promise made.","Then, we'll keep you entirely uninformed as to what happens next.","To keep someone posted means providing updates, but the sentence describes withholding them."
keep tabs on,Keeping the family's finances in good health requires keeping tabs on it.,Keeping the family's finances in good health requires monitoring it closely.,"To keep tabs on something means to watch it carefully over time, which good finances require.",Keeping the family's finances in good health requires ignoring it completely.,"To keep tabs on something means monitoring it, but the sentence describes paying no attention."
keep the peace,"In the past, this had sufficed to keep the peace between the rival warring tribes.","In the past, this had sufficed to prevent conflict between the rival warring tribes.","To keep the peace means to stop hostilities breaking out, which this had previously achieved.","In the past, this had sufficed to provoke conflict between the rival warring tribes.","To keep the peace means preventing conflict, but the sentence describes causing it."
keep the wolf from the door,But it was worth it to keep the wolves from the door.,But it was worth it to stave off destitution.,"To keep the wolf from the door means to earn just enough to avoid poverty, which justified the effort.",But it was worth it to invite destitution in.,"To keep the wolf from the door means avoiding poverty, but the sentence describes welcoming it."
keep up appearances,"She put plastic holly in the windows, to keep up appearances.","She put plastic holly in the windows, to maintain an outward show of normality.","To keep up appearances means to preserve the impression that all is well, which the decoration served.","She put plastic holly in the windows, to advertise her real difficulties.","To keep up appearances means maintaining a favourable impression, but the sentence describes exposing the truth."
keep up with the joneses,We want something better than just money and keeping up with the Joneses.,We want something better than just money and matching what the neighbours have.,"To keep up with the Joneses means to compete with neighbours in possessions, which is dismissed as shallow.",We want something better than just money and ignoring what the neighbours have.,"To keep up with the Joneses means competing with neighbours, but the sentence describes disregarding them, which would not be criticised."
keep your eyes peeled,"If you are interested, keep your eyes peeled for nomination lists to that effect.","If you are interested, watch out attentively for nomination lists to that effect.","To keep your eyes peeled means to stay alert for something, which interested readers should do.","If you are interested, pay no attention at all to nomination lists to that effect.","To keep your eyes peeled means staying alert, but the sentence advises ignoring the lists."
keep your fingers crossed,Just think of it as a loss leader and keep your fingers crossed.,Just think of it as a loss leader and hope for the best.,"To keep your fingers crossed means to hope something turns out well, the attitude recommended.",Just think of it as a loss leader and expect the worst.,"To keep your fingers crossed means hoping for a good outcome, but the sentence anticipates a bad one."
keep your head above water,'You just have to try to keep your head above water.,'You just have to try to avoid being overwhelmed.,"To keep your head above water means to manage to cope in difficult circumstances, which is the advice.",'You just have to try to let yourself be overwhelmed.,"To keep your head above water means struggling to cope, but the sentence advises giving in."
keep your nose to the grindstone,"I intend to keep your nose to the grindstone, Rob.","I intend to keep you working hard without respite, Rob.",To keep your nose to the grindstone means to work steadily and hard without break.,"I intend to keep you idle and unoccupied, Rob.","The idiom means constant hard work, but the sentence describes idleness."
keep your options open,"Either way, you can keep your options open.","Either way, you can avoid committing to any single course.",To keep your options open means to delay commitment so alternatives remain available.,"Either way, you can commit irrevocably to a single course.","The idiom means avoiding commitment, but the sentence describes binding yourself."
keep your pecker up,"It's going to boil down to keeping your pecker up, looking on the best side of things.","It's going to boil down to keeping your spirits up, looking on the best side of things.","To keep your pecker up means to stay cheerful in difficulty, which pairs with looking on the best side.","It's going to boil down to letting your spirits sink, looking on the best side of things.","To keep your pecker up means staying cheerful, but the sentence describes becoming despondent."
kick over the traces,You start the weekend feeling bolshie and wanting to kick over the traces of convention and conformity.,You start the weekend feeling bolshie and wanting to throw off the restraints of convention and conformity.,"To kick over the traces means to rebel against restrictions, which fits the bolshie mood described.",You start the weekend feeling bolshie and wanting to submit to the restraints of convention and conformity.,"To kick over the traces means rebelling against restraints, but the sentence describes accepting them."
kick the bucket,Chatterton and Fagg and a few more like them who've since kicked the bucket.,Chatterton and Fagg and a few more like them who've since died.,To kick the bucket means to die.,Chatterton and Fagg and a few more like them who've since been born.,"The idiom means dying, but the sentence describes birth."
kick the habit,asked whether the American army had helped him to kick his drug habit.,asked whether the American army had helped him to give up his drug habit.,"To kick a habit means to stop an addiction, which is what the question asks about.",asked whether the American army had helped him to deepen his drug habit.,"To kick a habit means giving it up, but the sentence describes making it worse."
kick up a fuss,"Yet when pedestrianisation was first announced the city's shopkeepers, taxi drivers and disabled groups kicked up a fuss.","Yet when pedestrianisation was first announced the city's shopkeepers, taxi drivers and disabled groups complained loudly.","To kick up a fuss means to protest noisily, which the groups did on the announcement.","Yet when pedestrianisation was first announced the city's shopkeepers, taxi drivers and disabled groups accepted it silently.","To kick up a fuss means protesting loudly, but the sentence describes quiet acquiescence, which the 'yet' would not signal."
kick up a stink,It will still contain plenty of business and mortgage borrowers to kick up a stink about base rates.,It will still contain plenty of business and mortgage borrowers to raise a loud complaint about base rates.,"To kick up a stink means to make a public fuss about something, expected here of the borrowers.",It will still contain plenty of business and mortgage borrowers to stay entirely quiet about base rates.,"To kick up a stink means complaining loudly, but the sentence describes silence."
kick up your heels,But perhaps you too are kicking up your heels elsewhere by now.,But perhaps you too are enjoying yourself freely elsewhere by now.,"To kick up your heels means to relax and have a lively time, which is imagined of the other person.",But perhaps you too are working joylessly elsewhere by now.,"To kick up your heels means enjoying yourself, but the sentence describes grim labour."
kicking and screaming,And she got hold of me in her arms and carried me kicking and screaming into the school.,And she got hold of me in her arms and carried me protesting violently into the school.,"Kicking and screaming means resisting something with loud protest, describing the child being carried in.",And she got hold of me in her arms and carried me quietly cooperating into the school.,"Kicking and screaming means resisting loudly, but the sentence describes willing compliance, which would need no carrying."
kill the goose that lays the golden eggs,High taxes kill the goose that lays the golden eggs.,High taxes destroy the very source of future wealth.,"To kill the goose that lays the golden eggs means to destroy what is producing your benefit, the effect attributed to high taxes.",High taxes protect the very source of future wealth.,"To kill the goose that lays the golden eggs means destroying the source of your benefit, but the sentence describes preserving it."
kill two birds with one stone,"By promoting these new investors, Mr Alphandéry could kill two birds with one stone.","By promoting these new investors, Mr Alphandéry could achieve two aims with a single action.","To kill two birds with one stone means to accomplish two things at once, which the promotion would do.","By promoting these new investors, Mr Alphandéry could achieve one aim through two separate actions.","To kill two birds with one stone means one action achieving two aims, but the sentence reverses this into two actions for one aim."
king of beasts,But you never saw the king of beasts clap his forepaws nor balance a ball on his nose!,But you never saw the lion clap his forepaws nor balance a ball on his nose!,King of beasts is a conventional epithet for the lion.,But you never saw the timid mouse clap his forepaws nor balance a ball on his nose!,"King of beasts refers to the lion, but the sentence substitutes a small timid animal."
kiss and make up,"The sensitive girl had a bright future after kissing and making up, he added.","The sensitive girl had a bright future after reconciling, he added.","To kiss and make up means to end a quarrel and become friends again, which preceded the bright future.","The sensitive girl had a bright future after breaking off all contact, he added.","To kiss and make up means reconciling, but the sentence describes a permanent falling out."
kiss and tell,The kind of man who kissed and told.,The kind of man who publicised his private affairs.,To kiss and tell means to reveal details of an intimate relationship publicly.,The kind of man who guarded his private affairs closely.,"The idiom means revealing intimate details, but the sentence describes discretion."
kiss of death,"Yet the onset of daylight, with its much better conditions, brought the kiss of death.","Yet the onset of daylight, with its much better conditions, brought the thing that ruined everything.","The kiss of death means something that causes certain failure, ironic given the better conditions.","Yet the onset of daylight, with its much better conditions, brought the thing that guaranteed success.","The kiss of death means causing failure, but the sentence describes ensuring success, which removes the irony."
kiss of life,The ship's doctor tried to give them the kiss of life but they could not be revived.,The ship's doctor tried to give them mouth-to-mouth resuscitation but they could not be revived.,"The kiss of life means mouth-to-mouth resuscitation, which the doctor attempted unsuccessfully.",The ship's doctor tried to give them a routine health check but they could not be revived.,"The kiss of life means emergency resuscitation, but the sentence describes an ordinary examination, which would not aim to revive anyone."
kith and kin,"The ordinary working-man and his kith and kin, unless he was in trouble, he didn't want to know you.","The ordinary working-man and his friends and relations, unless he was in trouble, he didn't want to know you.",Kith and kin means one's acquaintances and family taken together.,"The ordinary working-man and his complete strangers, unless he was in trouble, he didn't want to know you.","Kith and kin means friends and family, but the sentence substitutes people unknown to him."
knock someone's socks off,"It's Lil, power-dressed to knock your socks off, with all eyes blazing.","It's Lil, power-dressed to astonish you completely, with all eyes blazing.","To knock someone's socks off means to impress them overwhelmingly, the aim of the outfit.","It's Lil, power-dressed to bore you completely, with all eyes blazing.","The idiom means impressing overwhelmingly, but the sentence describes dullness."
know the ropes,They do not just know the ropes: they make the ropes.,They do not just understand how things are done: they make the ropes.,"To know the ropes means to be familiar with how something operates, which they exceed by setting the rules.",They do not just remain ignorant of how things are done: they make the ropes.,"To know the ropes means understanding the procedures, but the sentence describes ignorance, which breaks the escalation."
lay down the law,By eleven o'clock I was standing in front of Patterson's desk laying down the law.,By eleven o'clock I was standing in front of Patterson's desk stating my demands forcefully.,"To lay down the law means to assert authority and give orders firmly, describing the confrontation.",By eleven o'clock I was standing in front of Patterson's desk meekly awaiting instructions.,"To lay down the law means asserting authority, but the sentence describes submission."
lay odds,I'd lay odds your name is Mr J Spratt.,I'd bet confidently your name is Mr J Spratt.,"To lay odds means to be confident enough to bet on something, expressing certainty about the name.",I'd doubt strongly your name is Mr J Spratt.,"To lay odds means expressing confidence, but the sentence expresses doubt."
lead someone up the garden path,Talk about leading me up the garden path!,Talk about deliberately misleading me!,To lead someone up the garden path means to deceive them over a period.,Talk about scrupulously informing me!,"The idiom means deceiving someone, but the sentence describes honest disclosure."
leave someone in the lurch,I'm not going to leave you in the lurch.,I'm not going to abandon you when you need help.,"To leave someone in the lurch means to desert them at a difficult moment, which the speaker promises not to do.",I'm not going to stand by you when you need help.,"To leave someone in the lurch means abandoning someone, but the sentence turns the promise into one of desertion."
let someone down gently,"She's a good friend of mine and she likes you a lot, so try to let her down gently.","She's a good friend of mine and she likes you a lot, so try to refuse her as kindly as possible.",To let someone down gently means to deliver a rejection with as little hurt as possible.,"She's a good friend of mine and she likes you a lot, so try to refuse her as harshly as possible.","The idiom means rejecting kindly, but the sentence urges cruelty."
licence to print money,FOLLOWING our POT LUCK feature has become a licence to print money in recent weeks.,FOLLOWING our POT LUCK feature has become a source of effortless profit in recent weeks.,"A licence to print money means a scheme that generates money with little effort, the claim made for the feature.",FOLLOWING our POT LUCK feature has become a source of steady losses in recent weeks.,"A licence to print money means easy profit, but the sentence describes losing money."
lie low,Anne thought Nina had found a hiding place and was lying low.,Anne thought Nina had found a hiding place and was keeping out of sight.,"To lie low means to stay hidden and avoid notice, consistent with having found a hiding place.",Anne thought Nina had found a hiding place and was drawing attention to herself.,"To lie low means staying out of sight, but the sentence describes seeking attention, which a hiding place contradicts."
lie through your teeth,"You're lying through your teeth, he ground out.","You're lying brazenly and knowingly, he ground out.",To lie through your teeth means to lie shamelessly and deliberately.,"You're speaking with complete honesty, he ground out.","The idiom means lying brazenly, but the sentence describes truthfulness."
life and limb,This meant I didn't have to risk life and limb to get a good close up shot.,This meant I didn't have to risk death or serious injury to get a good close up shot.,"Life and limb means one's life and physical safety, which no longer had to be risked.",This meant I didn't have to risk a mild inconvenience to get a good close up shot.,"Life and limb means serious danger to life and body, but the sentence reduces it to a trivial risk."
lift a finger,"But once the women returned, the men weren't prepared to lift a finger to help.","But once the women returned, the men weren't prepared to make the slightest effort to help.","To lift a finger means to make even a minimal effort, which the men refused to do.","But once the women returned, the men weren't prepared to make an exhaustive effort to help.","To lift a finger means the smallest possible effort, but the sentence raises it to a maximum effort, weakening the criticism."
light at the end of the tunnel,"Few see light at the end of the tunnel, whatever the election result.","Few see any sign of eventual improvement, whatever the election result.","Light at the end of the tunnel means a sign that a difficult period will end, which few can detect.","Few see any sign of eventual worsening, whatever the election result.","Light at the end of the tunnel means a sign of improvement, but the sentence turns it into a sign of decline."
like a bat out of hell,"Jimmy replied quickly, and went, like a bat out of hell.","Jimmy replied quickly, and went, at tremendous speed.","Like a bat out of hell means moving extremely fast, describing Jimmy's exit.","Jimmy replied quickly, and went, at a leisurely stroll.","The idiom means moving very fast, but the sentence describes an unhurried pace."
like a bear with a sore head,Myeloski awoke like a grizzly bear with a sore head.,Myeloski awoke in a thoroughly bad-tempered mood.,"Like a bear with a sore head means extremely irritable, describing his state on waking.",Myeloski awoke in a thoroughly cheerful mood.,"Like a bear with a sore head means being irritable, but the sentence describes good humour."
like clockwork,Then we had been surprised when our ascent of the nearby Jankopiti had gone like clockwork.,Then we had been surprised when our ascent of the nearby Jankopiti had gone perfectly smoothly.,"Like clockwork means proceeding exactly as planned without difficulty, which surprised the climbers.",Then we had been surprised when our ascent of the nearby Jankopiti had gone disastrously wrong.,"Like clockwork means going smoothly, but the sentence describes failure."
like peas in a pod,As like as two peas in a pod.,As nearly identical as two things can be.,Like peas in a pod means being extremely similar to one another.,As utterly different as two things can be.,"The idiom means near-identical similarity, but the sentence describes complete difference."
like the clappers,But apparently these fish do have one redeeming feature — they grow like the clappers.,But apparently these fish do have one redeeming feature — they grow extremely fast.,"Like the clappers means very rapidly, which is the fish's redeeming quality.",But apparently these fish do have one redeeming feature — they grow extremely slowly.,"Like the clappers means very fast, but the sentence describes slow growth, which would not redeem them."
live a lie,All their married life she had been living a lie.,All their married life she had been pretending to be something she was not.,"To live a lie means to maintain a false pretence over a long period, describing the marriage.",All their married life she had been openly honest about who she was.,"To live a lie means sustaining a pretence, but the sentence describes complete honesty."
live and let live,"The live-and-let-live system could have been worked out by verbal negotiation, by conscious strategists bargaining round a table.","The mutual-tolerance system could have been worked out by verbal negotiation, by conscious strategists bargaining round a table.","Live and let live means allowing others to act as they wish in return for the same freedom, the principle of the system.","The mutual-interference system could have been worked out by verbal negotiation, by conscious strategists bargaining round a table.","Live and let live means mutual tolerance, but the sentence describes constant interference."
live in sin,"We were, after all, living in sin, and she was a devoted Catholic.","We were, after all, living together unmarried, and she was a devoted Catholic.","To live in sin means to cohabit without being married, which the Catholic devotion makes awkward.","We were, after all, respectably married, and she was a devoted Catholic.","The idiom means cohabiting unmarried, but the sentence describes marriage, which would raise no difficulty."
live it up,Tell you what she's living it up more now than she did before!,Tell you what she's enjoying herself extravagantly more now than she did before!,"To live it up means to enjoy yourself in a lively, extravagant way, which she does more of now.",Tell you what she's denying herself every pleasure more now than she did before!,"To live it up means enjoying yourself extravagantly, but the sentence describes self-denial."
live wire,Kite and team identity must be relayed to the spectators with live-wire intensity.,"Kite and team identity must be relayed to the spectators with energetic, vivid intensity.","A live wire is someone or something full of lively energy, describing the required intensity.","Kite and team identity must be relayed to the spectators with dull, listless intensity.","A live wire means lively energy, but the sentence describes a flat delivery."
lone wolf,I got the impression you're something of a lone wolf.,I got the impression you're something of a person who prefers to act alone.,"A lone wolf is someone who prefers their own company and works independently, which is the impression given.",I got the impression you're something of a person who cannot bear to be alone.,"A lone wolf means someone who prefers solitude, but the sentence describes a need for constant company."
long in the tooth,PEG: I'm long in the tooth and short in the breath.,PEG: I'm getting rather old and short in the breath.,"Long in the tooth means advancing in age, paired here with the breathlessness that accompanies it.",PEG: I'm remarkably youthful and short in the breath.,"Long in the tooth means growing old, but the sentence claims youth, which sits oddly with breathlessness."
look before you leap,Your reply: 'Never be an early worm!' or Look before you leap.,Your reply: 'Never be an early worm!' or Consider carefully before acting.,"Look before you leap advises thinking through the consequences before committing, which matches the caution urged.",Your reply: 'Never be an early worm!' or Act first and think afterwards.,"Look before you leap advises thinking before acting, but the sentence recommends the opposite order."
look on the bright side,Ex-Wigan favourite Iro was looking on the bright side yesterday.,Ex-Wigan favourite Iro was focusing on the positives yesterday.,"To look on the bright side means to focus on the encouraging aspects of a situation, which Iro did.",Ex-Wigan favourite Iro was dwelling on the worst possibilities yesterday.,"To look on the bright side means focusing on positives, but the sentence describes pessimism."
look the other way,"Naturally the criminals also looked the other way, it was in their interest to.","Naturally the criminals also deliberately ignored the wrongdoing, it was in their interest to.","To look the other way means to pretend not to notice something wrong, which served the criminals' interests.","Naturally the criminals also reported the wrongdoing immediately, it was in their interest to.","To look the other way means ignoring wrongdoing, but the sentence describes exposing it, which would not serve criminals."
look the part,The shoulder belays and cricket sweaters were intended to look the part.,The shoulder belays and cricket sweaters were intended to create the right appearance.,"To look the part means to have an appearance appropriate to a role, the purpose of the clothing.",The shoulder belays and cricket sweaters were intended to create an obviously wrong appearance.,"To look the part means appearing appropriate, but the sentence describes deliberately looking out of place."
lose face,"Of course, the risk of losing face is not a good reason for attacking another country.","Of course, the risk of losing public respect is not a good reason for attacking another country.","To lose face means to suffer damage to your reputation or dignity, the risk being dismissed.","Of course, the risk of gaining public respect is not a good reason for attacking another country.","To lose face means damaging your standing, but the sentence describes enhancing it, which would not be a risk."
lose the plot,Halfway through it loses the plot and its authenticity and slips into painful white boy reggae mode.,Halfway through it loses all coherence and its authenticity and slips into painful white boy reggae mode.,To lose the plot means to become incoherent or lose direction entirely.,Halfway through it gains perfect coherence and its authenticity and slips into painful white boy reggae mode.,"The idiom means losing coherence, but the sentence describes gaining it, which the criticism contradicts."
lose your head,"Don't lose your head, Ellie, she warned herself.","Don't panic and stop thinking clearly, Ellie, she warned herself.",To lose your head means to become panicked and act irrationally.,"Don't stay calm and think clearly, Ellie, she warned herself.","The idiom means panicking, but the sentence warns against composure."
lose your marbles,"So you've finally lost your last marble, a voice said from the far end of the room.","So you've finally lost your sanity, a voice said from the far end of the room.",To lose your marbles means to go mad.,"So you've finally recovered your sanity, a voice said from the far end of the room.","The idiom means losing your sanity, but the sentence describes regaining it."
make a clean break,Nigel meditated on whether smashing her trophy might be the best way to make a clean break.,Nigel meditated on whether smashing her trophy might be the best way to end things decisively.,"To make a clean break means to separate completely and finally, which Nigel was contemplating.",Nigel meditated on whether smashing her trophy might be the best way to maintain the connection.,"To make a clean break means ending things completely, but the sentence describes preserving the relationship."
make a go of,They therefore faced no option other than to make a go of the business.,They therefore faced no option other than to make a success of the business.,"To make a go of something means to try to make it succeed, the only option available to them.",They therefore faced no option other than to abandon the business.,"To make a go of something means working to make it succeed, but the sentence describes giving it up."
make a killing,They believe MPs could make a killing as they will know the likely outcome before the vote.,They believe MPs could make an enormous profit as they will know the likely outcome before the vote.,"To make a killing means to make a very large profit quickly, which advance knowledge would enable.",They believe MPs could suffer an enormous loss as they will know the likely outcome before the vote.,"To make a killing means making a large profit, but the sentence describes losing money, which foreknowledge would prevent."
make a meal of,"Although he made a meal of applying the finish, the ball eventually finished in the net.","Although he made unnecessarily heavy work of applying the finish, the ball eventually finished in the net.","To make a meal of something means to make it more complicated than necessary, which he did before scoring.","Although he made effortlessly light work of applying the finish, the ball eventually finished in the net.","To make a meal of something means overcomplicating it, but the sentence describes ease, which removes the 'although'."
make a monkey of someone,A CHIMPANZEE financial whizzkid that beat stock market experts could not make a monkey of British share analysts yesterday.,A CHIMPANZEE financial whizzkid that beat stock market experts could not make fools of British share analysts yesterday.,"To make a monkey of someone means to make them look ridiculous, punned here on the chimpanzee.",A CHIMPANZEE financial whizzkid that beat stock market experts could not make heroes of British share analysts yesterday.,"The idiom means making someone look foolish, but the sentence describes glorifying them."
make a mountain out of a molehill,They were too embarrassed or didn't want to make a mountain out of a molehill.,They were too embarrassed or didn't want to exaggerate a trivial matter.,"To make a mountain out of a molehill means to treat something small as though it were serious, which they avoided.",They were too embarrassed or didn't want to downplay a serious matter.,"To make a mountain out of a molehill means exaggerating something trivial, but the sentence reverses it into minimising something grave."
make a move,No wonder Rouke had made no move to stop her.,No wonder Rouke had taken no action to stop her.,"To make a move means to take action, which Rouke conspicuously did not.",No wonder Rouke had taken decisive action to stop her.,"To make a move means taking action, but the sentence describes him intervening, which contradicts 'no'."
make a pig's ear of,Only adults make a pig's ear of it when they first start fishing as adults.,Only adults make a complete mess of it when they first start fishing as adults.,"To make a pig's ear of something means to do it badly and clumsily, which adult beginners do.",Only adults make an elegant success of it when they first start fishing as adults.,"To make a pig's ear of something means botching it, but the sentence describes doing it well."
make a pitch,YOU never know who's listening when you're making your big pitch.,YOU never know who's listening when you're making your big persuasive proposal.,"To make a pitch means to present a persuasive case for something, which the warning concerns.",YOU never know who's listening when you're making your big private confession.,"To make a pitch means presenting a persuasive case, but the sentence substitutes an unrelated act."
make a virtue of necessity,Piatakov and his faction made a virtue of necessity.,Piatakov and his faction presented what they were forced to do as a deliberate good.,The idiom means turning an unavoidable constraint into an apparent choice.,Piatakov and his faction condemned what they were forced to do as a regrettable evil.,"The idiom means presenting necessity as virtue, but the sentence describes lamenting it."
make bricks without straw,"For the news programmes, this means finding a thousand and one different ways of making bricks without straw.","For the news programmes, this means finding a thousand and one different ways of producing results without the necessary resources.","To make bricks without straw means to be expected to achieve something without the means to do it, which the programmes face.","For the news programmes, this means finding a thousand and one different ways of producing results with abundant resources.","To make bricks without straw means working without necessary resources, but the sentence describes having plenty."
make hay,Rush out and make hay before you reach your sell-by-date?,Rush out and take full advantage of the moment before you reach your sell-by-date?,"To make hay means to seize an opportunity while conditions allow, urged here before time runs out.",Rush out and waste the moment entirely before you reach your sell-by-date?,"To make hay means seizing an opportunity, but the sentence describes squandering it."
make or break,"Right, they're the make or break areas which comprise your job.","Right, they're the decisive areas which comprise your job.","Make or break means something that will determine complete success or complete failure, describing those areas.","Right, they're the entirely inconsequential areas which comprise your job.","Make or break means decisive, but the sentence describes areas of no importance."
make someone's day,"I think the papers made his day, perhaps he relished scandal.","I think the papers gave him great pleasure, perhaps he relished scandal.","To make someone's day means to give them real pleasure, consistent with him relishing scandal.","I think the papers utterly ruined his mood, perhaps he relished scandal.","To make someone's day means giving pleasure, but the sentence describes distress, which conflicts with relishing scandal."
make the grade,"Tempting, but the truth so far is that in equities the machines aren't quite making the required grade.","Tempting, but the truth so far is that in equities the machines aren't quite reaching the required standard.","To make the grade means to reach an acceptable standard, which the machines fall short of.","Tempting, but the truth so far is that in equities the machines aren't quite falling below the required standard.","To make the grade means meeting a standard, but the sentence says they fail to fall short, which reverses the criticism."
make waves,"If she hadn't made waves about it, she never would have got her money back.","If she hadn't caused a disturbance about it, she never would have got her money back.","To make waves means to cause trouble by complaining, which is what secured the refund.","If she hadn't stayed completely quiet about it, she never would have got her money back.","To make waves means causing a disturbance, but the sentence attributes the refund to silence."
make yourself scarce,"If you know what's good for you, you'll make yourself scarce before you wake the whole house.","If you know what's good for you, you'll get out of the way before you wake the whole house.",To make yourself scarce means to leave quickly to avoid trouble.,"If you know what's good for you, you'll stay firmly where you are before you wake the whole house.","The idiom means leaving quickly, but the sentence describes remaining."
man and boy,"That was fine when manpower was cheap and farming was labour intensive, when families worked in the fields man and boy.","That was fine when manpower was cheap and farming was labour intensive, when families worked in the fields across whole lifetimes.",Man and boy means throughout one's entire life from childhood onward.,"That was fine when manpower was cheap and farming was labour intensive, when families worked in the fields for a single season.","Man and boy means a lifetime of service, but the sentence describes brief seasonal work."
man of god,"Dear merciful heaven, is this what happens to a thwarted man of God?","Dear merciful heaven, is this what happens to a thwarted clergyman?",A man of God means a member of the clergy or a devoutly religious man.,"Dear merciful heaven, is this what happens to a thwarted committed atheist?","A man of God means a religious figure, but the sentence substitutes a nonbeliever."
man of the cloth,How can a man of the cloth equate being a padre with the army?,How can an ordained clergyman equate being a padre with the army?,"A man of the cloth means a member of the clergy, which fits the question about army chaplaincy.",How can a lifelong civilian atheist equate being a padre with the army?,"A man of the cloth means a clergyman, but the sentence describes someone with no religious role, which a padre must have."
man's best friend,MAN'S best friend is on occasion woman's worst enemy.,THE dog is on occasion woman's worst enemy.,"Man's best friend is a conventional way of referring to the dog, set up here for the contrast.",THE bitterest human rival is on occasion woman's worst enemy.,"Man's best friend refers to the dog, but the sentence substitutes a hostile person, which destroys the contrast."
many moons ago,"When I got my first laser printer many moons ago, my bank manager almost had a heart attack.","When I got my first laser printer a very long time ago, my bank manager almost had a heart attack.","Many moons ago means a long time in the past, dating the purchase.","When I got my first laser printer just this morning, my bank manager almost had a heart attack.","Many moons ago means long ago, but the sentence places it in the present."
marching orders,But tenants taking advantage of the system are being given their marching orders.,But tenants taking advantage of the system are being told to leave.,"To give someone their marching orders means to dismiss or evict them, the consequence for those abusing the system.",But tenants taking advantage of the system are being invited to stay indefinitely.,"Marching orders means being told to leave, but the sentence describes them being welcomed."
mark time,The hind legs have to mark time while the forelegs cross over.,The hind legs have to move without advancing while the forelegs cross over.,To mark time means to keep moving without making progress.,The hind legs have to surge rapidly forward while the forelegs cross over.,"The idiom means moving without advancing, but the sentence describes forward motion."
money talks,"Money talks, and it is corrupting politics and markets all over the world.","Wealth confers influence, and it is corrupting politics and markets all over the world.","Money talks means that wealth gives people power over outcomes, which explains the corruption described.","Wealth confers no influence whatever, and it is corrupting politics and markets all over the world.","Money talks means wealth brings influence, but the sentence denies it, which would leave nothing to corrupt."
more's the pity,They don't make films like his anymore — more's the pity.,They don't make films like his anymore — which is regrettable.,"More's the pity expresses regret about what has just been said, here about the loss of such films.",They don't make films like his anymore — which is a great relief.,"More's the pity expresses regret, but the sentence expresses satisfaction."
move heaven and earth,If you knew what I was doing you'd have moved heaven and earth to stop me.,If you knew what I was doing you'd have made every possible effort to stop me.,"To move heaven and earth means to do everything conceivable to achieve something, which stopping him would have required.",If you knew what I was doing you'd have made no effort at all to stop me.,"To move heaven and earth means making maximum effort, but the sentence describes complete inaction."
move mountains,"Besides, I have great faith in the power of love to move mountains.","Besides, I have great faith in the power of love to achieve the seemingly impossible.","To move mountains means to accomplish something that appears impossible, which love is credited with.","Besides, I have great faith in the power of love to achieve only the most trivial things.","To move mountains means achieving the impossible, but the sentence limits love to small effects, which would not warrant great faith."
move the goalposts,"'Moving the goalposts like this is unfair,' Keep said.","'Changing the agreed conditions partway through like this is unfair,' Keep said.","To move the goalposts means to alter the rules after things are under way, which Keep objects to.","'Holding to the agreed conditions throughout like this is unfair,' Keep said.","To move the goalposts means changing the rules midway, but the sentence complains about consistency, which would not be unfair."
much of a muchness,But that's all much of a muchness isn't it?,But that's all very nearly the same thing isn't it?,Much of a muchness means things being so similar as to make little difference.,But that's all wildly different isn't it?,"The idiom means near-sameness, but the sentence stresses difference."
muddy the waters,My first task will be to say why the focus upon mental representation has muddied the waters.,My first task will be to say why the focus upon mental representation has confused the issue.,"To muddy the waters means to make a matter more confusing than it was, which the focus is blamed for.",My first task will be to say why the focus upon mental representation has clarified the issue.,"To muddy the waters means causing confusion, but the sentence credits it with bringing clarity."
mutton dressed as lamb,"Well, yeah, I was going to say mutton dressed as lamb.","Well, yeah, I was going to say an older person dressed unsuitably young.",Mutton dressed as lamb describes someone whose clothes are too youthful for their age.,"Well, yeah, I was going to say a young person dressed suitably for their age.","The idiom means dressing too young for one's age, but the sentence describes an appropriate match."
name names,"Huddersfield asked the FA to name names, but they declined and rebuked the club.","Huddersfield asked the FA to identify the individuals responsible, but they declined and rebuked the club.",To name names means to state publicly who is responsible.,"Huddersfield asked the FA to keep the individuals anonymous, but they declined and rebuked the club.","The idiom means identifying people, but the sentence asks for anonymity, which the FA would not decline."
neck and neck,"The two main parties are still neck and neck, pointing to a hung Parliament.","The two main parties are still exactly level with each other, pointing to a hung Parliament.","Neck and neck means level in a contest with neither ahead, which is why a hung Parliament looms.","The two main parties are still separated by a huge margin, pointing to a hung Parliament.","Neck and neck means being level, but the sentence describes a wide gap, which would not produce a hung Parliament."
neck of the woods,"If something's going on your neck of the woods, we want to hear about it.","If something's going on in your local area, we want to hear about it.","Neck of the woods means the district where someone lives, which is the scope of the invitation.","If something's going on the far side of the globe, we want to hear about it.","Neck of the woods means your own local area, but the sentence refers to somewhere distant."
neither fish nor fowl,I disagree with my hon. Friend about the agencies being neither fish nor fowl nor good red herring.,I disagree with my hon. Friend about the agencies belonging to no clear category at all.,"Neither fish nor fowl means something that fits none of the recognised categories, the description being disputed.",I disagree with my hon. Friend about the agencies belonging squarely to one clear category.,"Neither fish nor fowl means fitting no category, but the sentence places the agencies firmly in one."
neither here nor there,Now it was apparently neither here nor there that the two even happened to be present.,Now it was apparently completely irrelevant that the two even happened to be present.,"Neither here nor there means having no bearing on the matter, which their presence is said to lack.",Now it was apparently absolutely decisive that the two even happened to be present.,"Neither here nor there means irrelevant, but the sentence makes their presence crucial."
never say die,The never-say-die 69 year-old widower is also taking piano lessons for the first time.,The refusing-to-give-up 69 year-old widower is also taking piano lessons for the first time.,"Never say die means persisting rather than admitting defeat, matching his taking up piano at 69.",The quick-to-surrender 69 year-old widower is also taking piano lessons for the first time.,"Never say die means persistence, but the sentence describes giving up readily."
new blood,They are also a way of injecting new blood into the Fair.,They are also a way of bringing fresh people and ideas into the Fair.,"New blood means newcomers who bring fresh energy, which the measures introduce.",They are also a way of bringing long-established regulars into the Fair.,"New blood means newcomers, but the sentence describes existing participants."
nice as pie,The girl she spoke to was as nice as pie.,The girl she spoke to was extremely pleasant and friendly.,"Nice as pie means being very agreeable in manner, describing the girl.",The girl she spoke to was extremely rude and hostile.,"Nice as pie means being very pleasant, but the sentence describes hostility."
night and day,Gusev recommended night and day surveillance by expert watchers on the heads of the organization.,Gusev recommended round-the-clock surveillance by expert watchers on the heads of the organization.,"Night and day means continuously without pause, describing the intensity of surveillance recommended.",Gusev recommended occasional brief surveillance by expert watchers on the heads of the organization.,"Night and day means continuous, but the sentence describes intermittent observation."
nine times out of ten,In nine times out of ten the vehicle concerned will be a motor bike or a motor car.,In almost every case the vehicle concerned will be a motor bike or a motor car.,"Nine times out of ten means nearly always, describing how consistently this holds.",In only the rarest case the vehicle concerned will be a motor bike or a motor car.,"Nine times out of ten means almost always, but the sentence makes it exceptional."
nip and tuck,It was nip and tuck up to 7-7 before Best opened up a 12-9 lead.,It was closely balanced up to 7-7 before Best opened up a 12-9 lead.,"Nip and tuck means neither side gaining a clear lead, consistent with the score being level at 7-7.",It was hopelessly one-sided up to 7-7 before Best opened up a 12-9 lead.,"Nip and tuck means evenly matched, but the sentence describes dominance, which a 7-7 score contradicts."
no dice,"but as he is making plans to leave Town this week-end, I fear the result was no dice.","but as he is making plans to leave Town this week-end, I fear the result was a flat refusal.","No dice means a request has been refused or failed, which the departure plans confirm.","but as he is making plans to leave Town this week-end, I fear the result was a full agreement.","No dice means a refusal, but the sentence describes success, which the word 'fear' contradicts."
no great shakes,"At school I was no great shakes at it, or anything.","At school I was nothing special at it, or anything.","No great shakes means unremarkable and not particularly good, the speaker's self-assessment.","At school I was outstandingly gifted at it, or anything.","No great shakes means being unremarkable, but the sentence claims exceptional ability."
no holds barred,"He told me he was going to shoot the whole works, no holds barred.","He told me he was going to shoot the whole works, with no restrictions whatever.","No holds barred means without any limits or restraints, describing how far he would go.","He told me he was going to shoot the whole works, within strict limits.","No holds barred means without restriction, but the sentence imposes limits, conflicting with 'the whole works'."
no laughing matter,Lynda La Plante is in grave danger of burning herself out and it's no laughing matter.,Lynda La Plante is in grave danger of burning herself out and it's a genuinely serious concern.,"No laughing matter means something too serious to joke about, matching the gravity of the danger.",Lynda La Plante is in grave danger of burning herself out and it's a thoroughly amusing trifle.,"No laughing matter means something serious, but the sentence treats it as a joke, conflicting with 'grave danger'."
no man's land,We crossed our own front trench and traversed the no-man's-land.,We crossed our own front trench and traversed the ground belonging to neither side.,No man's land means the contested unoccupied ground between opposing forces.,We crossed our own front trench and traversed the ground firmly held by our own side.,"No man's land means unclaimed ground between armies, but the sentence describes friendly territory."
no questions asked,The halfway point in the no-questions-asked surrender follows another weekend of violence in Strathclyde.,The halfway point in the surrender with no explanations demanded follows another weekend of violence in Strathclyde.,"No questions asked means accepting something without requiring an account of it, the basis of the surrender scheme.",The halfway point in the surrender with a full interrogation required follows another weekend of violence in Strathclyde.,"No questions asked means demanding no explanation, but the sentence requires a full account."
no rest for the wicked,"Well, I must go, no rest for the wicked.","Well, I must go, my work is never done.",The saying is a wry remark about having no time to rest.,"Well, I must go, my work is entirely finished.","The saying means having no rest, but the sentence describes being free, which would not require leaving."
not give a fig,WOMEN love white weddings — but they don't give a fig about their marriage vows.,WOMEN love white weddings — but they care nothing at all about their marriage vows.,"Not to give a fig means to be entirely indifferent to something, the contrast with loving weddings.",WOMEN love white weddings — but they care intensely about their marriage vows.,"Not to give a fig means total indifference, but the sentence describes deep concern, which removes the contrast."
not know you are born,You lot without families don't know you're born.,You lot without families have no idea how easy you have it.,The idiom means being unaware of how fortunate one's circumstances are.,You lot without families are painfully aware of how hard you have it.,"The idiom means being ignorant of your good fortune, but the sentence describes acute awareness of hardship."
not miss a trick,"When it comes to promotion, the Disney people don't miss a trick.","When it comes to promotion, the Disney people overlook no opportunity whatever.","Not to miss a trick means to take advantage of every possible opportunity, which describes Disney's promotion.","When it comes to promotion, the Disney people overlook most opportunities available.","Not to miss a trick means seizing every opportunity, but the sentence describes missing many."
nothing to it,"The knack, the trick: there turns out to be nothing to it.","The knack, the trick: there turns out to be no difficulty at all.","Nothing to it means something is far easier than expected, which is the discovery described.","The knack, the trick: there turns out to be enormous difficulty.","Nothing to it means being very easy, but the sentence describes great difficulty."
now or never,He hadn't touched the black box alarm so it was now or never.,He hadn't touched the black box alarm so this was the last possible chance.,"Now or never means this is the only remaining opportunity, which the untouched alarm creates.",He hadn't touched the black box alarm so there would be endless chances later.,"Now or never means a final opportunity, but the sentence describes unlimited future chances."
off and on,and he'd been a Liverpool councillor off and on for over fifty years.,and he'd been a Liverpool councillor intermittently for over fifty years.,"Off and on means happening at intervals rather than continuously, describing his service.",and he'd been a Liverpool councillor without a single break for over fifty years.,"Off and on means intermittently, but the sentence describes unbroken continuity."
old hat,"Walsh sneered at such suggestions as 'traditional left', old-hat and boring.","Walsh sneered at such suggestions as 'traditional left', outdated and boring.","Old hat means tediously out of date, which is the sneering dismissal.","Walsh sneered at such suggestions as 'traditional left', strikingly novel and boring.","Old hat means outdated, but the sentence calls the ideas new, which conflicts with the sneer."
on board,North Sea oil came on board and suddenly we had a product which people wanted to buy.,North Sea oil became available and suddenly we had a product which people wanted to buy.,"To come on board means to join or become part of something, describing the arrival of North Sea oil.",North Sea oil was permanently withdrawn and suddenly we had a product which people wanted to buy.,"To come on board means joining or arriving, but the sentence describes removal, which would leave nothing to sell."
on someone's mind,Let Lucy say for herself what was on her mind.,Let Lucy say for herself what she was preoccupied with.,"To be on someone's mind means to occupy their thoughts, which Lucy is invited to explain.",Let Lucy say for herself what she had entirely forgotten.,"To be on someone's mind means occupying their thoughts, but the sentence asks about what she cannot recall."
on tenterhooks,"Louis was reconstituting the royal family, keeping his adult sons on tenterhooks.","Louis was reconstituting the royal family, keeping his adult sons in anxious suspense.","On tenterhooks means being kept in a state of nervous waiting, the effect on his sons.","Louis was reconstituting the royal family, keeping his adult sons in relaxed certainty.","On tenterhooks means anxious suspense, but the sentence describes calm assurance."
on the back burner,I think we're going to need to put this project on the back burner for a little while.,I think we're going to need to set this project aside for later for a little while.,To put something on the back burner means to postpone it in favour of more pressing work.,I think we're going to need to make this project our top priority for a little while.,"The idiom means postponing something, but the sentence describes prioritising it."
on the back of,"After all, power and influence are built on the back of economic success.","After all, power and influence are built upon the foundation of economic success.","On the back of means resting upon something as its basis, describing how power derives from wealth.","After all, power and influence are built in spite of economic success.","On the back of means built upon something, but the sentence makes economic success an obstacle instead."
on the ball,Phew it's lucky I'm on the ball isn't it?,Phew it's lucky I'm alert and quick-witted isn't it?,"On the ball means being attentive and quick to respond, which the speaker credits themselves with.",Phew it's lucky I'm slow and inattentive isn't it?,"On the ball means being alert, but the sentence describes inattention, which would not be lucky."
on the blink,No sooner does one learn to avoid one station than another goes on the blink.,No sooner does one learn to avoid one station than another stops working properly.,"To go on the blink means to malfunction, which keeps happening to the stations.",No sooner does one learn to avoid one station than another starts working perfectly.,"To go on the blink means to malfunction, but the sentence describes something starting to work."
on the button,And of course Lucille was right on the button.,And of course Lucille was exactly correct.,On the button means precisely right.,And of course Lucille was completely mistaken.,"On the button means being exactly right, but the sentence says she was wrong."
on the cards,Staff who'd long feared redundancies were on the cards hear the news at meetings today.,Staff who'd long feared redundancies were likely to happen hear the news at meetings today.,"On the cards means probable or expected, describing the feared redundancies.",Staff who'd long feared redundancies were entirely impossible hear the news at meetings today.,"On the cards means likely to happen, but the sentence rules it out, which would give nothing to fear."
on the carpet,He was caught cheating on the exam and got called on the carpet.,He was caught cheating on the exam and got summoned for a reprimand.,"To be called on the carpet means to be summoned and rebuked by someone in authority, the consequence of cheating.",He was caught cheating on the exam and got summoned for congratulations.,"To be called on the carpet means being reprimanded, but the sentence describes praise."
on the dot,I was to be at the harbour at 8 a.m. on the dot.,I was to be at the harbour at 8 a.m. precisely.,"On the dot means at exactly the stated time, specifying the arrival.",I was to be at the harbour at 8 a.m. approximately.,"On the dot means exactly on time, but the sentence allows approximation."
on the double,Already the Fists were disembarking on the double.,Already the Fists were disembarking at top speed.,On the double means moving as quickly as possible.,Already the Fists were disembarking at a leisurely crawl.,"On the double means moving fast, but the sentence describes slowness."
on the face of it,"On the face of it, leys are ideally suited to a statistical approach.","At first appearance, leys are ideally suited to a statistical approach.","On the face of it means judging by initial appearances, which usually signals a qualification to follow.","After exhaustive investigation, leys are ideally suited to a statistical approach.","On the face of it means a surface impression, but the sentence claims a fully considered conclusion."
on the fiddle,"MORE and more company bosses are on the fiddle in the recession, a new report reveals.","MORE and more company bosses are engaged in petty fraud in the recession, a new report reveals.","On the fiddle means dishonestly obtaining money, the behaviour the report identifies.","MORE and more company bosses are scrupulously honest in the recession, a new report reveals.","On the fiddle means being dishonest, but the sentence describes integrity."
on the fly,"Indexation of sentences is not yet executed on-the-fly, only every week.","Indexation of sentences is not yet executed automatically as things happen, only every week.","On the fly means done immediately in the course of other activity, contrasted with the weekly batch.","Indexation of sentences is not yet executed after long scheduled delays, only every week.","On the fly means happening immediately, but the sentence describes delay, which removes the contrast with weekly."
on the game,"She must be on the game, all right.","She must be working as a prostitute, all right.",On the game means engaged in prostitution.,"She must be working in a respectable office job, all right.","The idiom refers to prostitution, but the sentence substitutes conventional employment."
on the hoof,They had to make policy on the hoof and they reprieved that place.,They had to make policy hastily as they went along and they reprieved that place.,"On the hoof means done hurriedly without proper preparation, describing how the policy was made.",They had to make policy after long careful deliberation and they reprieved that place.,"On the hoof means improvised in haste, but the sentence describes lengthy planning."
on the hop,Sorry about the mess but you caught me on the hop like.,Sorry about the mess but you caught me unprepared like.,"To catch someone on the hop means to arrive when they are not ready, which explains the mess.",Sorry about the mess but you caught me fully prepared like.,"On the hop means being caught unprepared, but the sentence describes readiness, which would not explain the mess."
on the horns of a dilemma,The Labour party is utterly impaled on the horns of a dilemma from which it can not escape.,The Labour party is utterly trapped between two equally bad choices from which it can not escape.,"On the horns of a dilemma means being forced to choose between two unwelcome options, hence the inability to escape.",The Labour party is utterly presented with two equally attractive choices from which it can not escape.,"On the horns of a dilemma means facing two bad options, but the sentence describes appealing ones."
on the house,She's going to model for us so she gets grub on the house.,She's going to model for us so she gets grub free of charge.,"On the house means provided without payment, the arrangement in return for modelling.",She's going to model for us so she gets grub at full price.,"On the house means provided free, but the sentence describes her paying, which would not be a reward."
on the lam,"Because I'm on the lam, make it after dark.","Because I'm in hiding from the authorities, make it after dark.","On the lam means fleeing or hiding from pursuit, which explains meeting after dark.","Because I'm entirely free of any pursuit, make it after dark.","On the lam means being pursued and hiding, but the sentence removes the danger that requires darkness."
on the make,"Put at its baldest, Jackie was a young man on the make.","Put at its baldest, Jackie was a young man aggressively seeking his own advancement.","On the make means single-mindedly pursuing personal gain, the blunt characterisation of Jackie.","Put at its baldest, Jackie was a young man entirely without ambition.","On the make means pursuing personal gain, but the sentence describes having no ambition."
on the mend,"Brimming with official funds, Greece was apparently on the mend.","Brimming with official funds, Greece was apparently recovering.","On the mend means improving after a bad period, which the funding appeared to bring about.","Brimming with official funds, Greece was apparently deteriorating fast.","On the mend means recovering, but the sentence describes worsening despite the funds."
on the money,I don't drink and don't go out much so I manage on the money.,I don't drink and don't go out much so I manage on the amount I have.,Here the phrase is used plainly to mean managing within the available funds.,I don't drink and don't go out much so I manage without any funds at all.,"The phrase refers to living on the money available, but the sentence describes having none."
on the nod,Firstly the bill can go through on the nod with no note.,Firstly the bill can go through by general agreement without debate with no note.,"On the nod means approved without discussion or a formal vote, which is how the bill passes.",Firstly the bill can go through after lengthy contested debate with no note.,"On the nod means passing without debate, but the sentence describes prolonged argument."
on the rebound,You could say it was on the rebound but I had no reason to regret it.,You could say it was soon after an earlier relationship ended but I had no reason to regret it.,"On the rebound means entering a new relationship shortly after another has ended, the possible criticism acknowledged.",You could say it was after many peaceful years alone but I had no reason to regret it.,"On the rebound means acting soon after a breakup, but the sentence describes a long gap, which invites no criticism."
on the rocks,"He was a good soldier, but his marriage was on the rocks.","He was a good soldier, but his marriage was close to breaking down.","On the rocks means in serious difficulty and likely to fail, describing the marriage.","He was a good soldier, but his marriage was thriving splendidly.","On the rocks means near collapse, but the sentence describes a happy marriage, which removes the contrast."
on the ropes,Anderson has Kelly on the ropes with the telephone chat-up technique he started on radio.,Anderson has Kelly in serious trouble with the telephone chat-up technique he started on radio.,"On the ropes means being in a losing, defensive position, which Anderson has forced on Kelly.",Anderson has Kelly in a commanding position with the telephone chat-up technique he started on radio.,"On the ropes means being in trouble, but the sentence puts Kelly in control."
on the run,Number One: Are you on the run from the law?,Number One: Are you fleeing to escape the law?,"On the run means escaping and evading capture, which the question asks about.",Number One: Are you working closely alongside the law?,"On the run means evading capture, but the sentence describes cooperation with authorities."
on the same page,It's important for parents to be on the same page when it comes to disciplining their children.,It's important for parents to be in agreement when it comes to disciplining their children.,"To be on the same page means to share the same understanding or position, which discipline requires.",It's important for parents to be in complete disagreement when it comes to disciplining their children.,"On the same page means being in agreement, but the sentence recommends conflict."
on the same wavelength,"Or C, take it as a real compliment and you are on the same wavelength?","Or C, take it as a real compliment and you understand each other instinctively?","On the same wavelength means naturally understanding one another, which the compliment implies.","Or C, take it as a real compliment and you constantly misunderstand each other?","On the same wavelength means mutual understanding, but the sentence describes confusion, which would not be a compliment."
on the shelf,She felt on the shelf and a burden to her parents.,"She felt passed over and unlikely ever to marry, and a burden to her parents.","On the shelf means being regarded as past the age of marrying, which explains feeling a burden.",She felt eagerly sought after by suitors and a burden to her parents.,"On the shelf means being passed over, but the sentence describes popularity, which would not feel burdensome."
on the side of the angels,Don't get involved in corruption even if it's on the side of the angels.,Don't get involved in corruption even if it's in a morally good cause.,"On the side of the angels means acting for what is morally right, the possible justification being ruled out.",Don't get involved in corruption even if it's in a thoroughly wicked cause.,"On the side of the angels means being on the side of good, but the sentence describes an evil cause, removing the concession."
on the skids,And saved: The ice rink that had been on the skids.,And saved: The ice rink that had been heading for collapse.,"On the skids means in rapid decline towards failure, the condition the rink was rescued from.",And saved: The ice rink that had been thriving comfortably.,"On the skids means heading for failure, but the sentence describes success, which needs no saving."
on the spur of the moment,You can not rely on the right questions coming to you on the spur of the moment.,You can not rely on the right questions coming to you without any advance thought.,"On the spur of the moment means acting suddenly without preparation, which the advice warns against relying on.",You can not rely on the right questions coming to you after careful preparation.,"On the spur of the moment means acting without preparation, but the sentence dismisses preparation, reversing the advice."
on the stump,"On the stump in the Tory marginals during the election campaign, her enthusiasm was infectious.","Out campaigning in the Tory marginals during the election campaign, her enthusiasm was infectious.",On the stump means actively campaigning in public for election.,"Withdrawn from public view in the Tory marginals during the election campaign, her enthusiasm was infectious.","On the stump means public campaigning, but the sentence describes staying out of sight."
on the take,"I knew he was on the take, but I never had enough evidence to show Hamilton.","I knew he was accepting bribes, but I never had enough evidence to show Hamilton.","On the take means accepting corrupt payments, which required evidence to prove.","I knew he was refusing all bribes, but I never had enough evidence to show Hamilton.","On the take means taking bribes, but the sentence describes honesty, which would need no evidence."
on the trot,I mean she'll be out two days on the trot.,I mean she'll be out two days in a row.,"On the trot means consecutively one after another, describing the two days.",I mean she'll be out two days many months apart.,"On the trot means consecutive, but the sentence separates the days widely."
on the up and up,"All in all, it can only mean that tea time is on the up and up.","All in all, it can only mean that tea time is steadily improving.","On the up and up means getting progressively better, the conclusion drawn about tea time.","All in all, it can only mean that tea time is steadily declining.","On the up and up means improving, but the sentence describes decline."
on thin ice,It had been granted grudgingly and she knew she was on thin ice as far as her superiors were concerned.,It had been granted grudgingly and she knew she was in a precarious position as far as her superiors were concerned.,On thin ice means being in a risky position where a mistake would be costly.,It had been granted grudgingly and she knew she was in an entirely secure position as far as her superiors were concerned.,"The idiom means being precarious, but the sentence describes security, which 'grudgingly' contradicts."
on top of the world,I felt on top of the world and couldn't believe the heat.,I felt absolutely elated and couldn't believe the heat.,"On top of the world means feeling extremely happy, describing the speaker's mood.",I felt utterly wretched and couldn't believe the heat.,"On top of the world means feeling elated, but the sentence describes misery."
on your high horse,Don't get on your high horse with me.,Don't take a morally superior tone with me.,To get on your high horse means to behave self-righteously.,Don't take a humbly apologetic tone with me.,"The idiom means acting superior, but the sentence describes humility."
once and for all,"Therefore, the Commission should address the issue once and for all.","Therefore, the Commission should address the issue conclusively and finally.","Once and for all means settling something permanently so it need not be revisited, the recommended approach.","Therefore, the Commission should address the issue provisionally and repeatedly.","Once and for all means settling something permanently, but the sentence describes a temporary and recurring approach."
once in a blue moon,"Things obviously, like herbs and stuff Steve only orders once in a blue moon.","Things obviously, like herbs and stuff Steve only orders extremely rarely.","Once in a blue moon means very infrequently, describing how seldom Steve orders those items.","Things obviously, like herbs and stuff Steve only orders several times each day.","Once in a blue moon means very rarely, but the sentence describes frequent ordering."
once in a while,I could have done with a bit of support from you once in a while.,I could have done with a bit of support from you occasionally.,"Once in a while means from time to time, the modest frequency the speaker would have settled for.",I could have done with a bit of support from you at every waking moment.,"Once in a while means occasionally, but the sentence demands constant support, which overstates the complaint."
one and the same,This is because the two properties may coexist in one and the same expression.,This is because the two properties may coexist in a single identical expression.,"One and the same means being identical rather than two separate things, which allows the coexistence.",This is because the two properties may coexist in two entirely distinct expressions.,"One and the same means a single identical thing, but the sentence describes two separate ones."
one for the road,One for the road — we road test a GRiD laptop in the US.,A final one before setting off — we road test a GRiD laptop in the US.,"One for the road means a last item taken before departing, used here as a pun on road testing.",The very first one before setting off — we road test a GRiD laptop in the US.,"One for the road means a final item before leaving, but the sentence makes it the first."
one good turn deserves another,"One good turn deserves another, I said.","A kindness should be repaid with a kindness, I said.",The saying means a favour received warrants a favour in return.,"A kindness should be repaid with an injury, I said.","The saying means repaying kindness with kindness, but the sentence advocates harm."
one in the eye for,It was one in the eye for the old order.,It was a humiliating setback for the old order.,"One in the eye for someone means a defeat that discomfits them, which the old order suffered.",It was a gratifying triumph for the old order.,"One in the eye means a setback for someone, but the sentence describes their victory."
one of those days,I knew this was going to happen it's going to be one of those days.,I knew this was going to happen it's going to be a day when everything goes wrong.,"One of those days means a day on which things repeatedly go badly, anticipated by the speaker.",I knew this was going to happen it's going to be a day when everything goes perfectly.,"One of those days means a day of things going wrong, but the sentence describes everything succeeding."
one of those things,The first thing to say is that this is one of those things that can disappoint us.,The first thing to say is that this is an unavoidable misfortune that can disappoint us.,One of those things means something regrettable that simply happens and cannot be helped.,The first thing to say is that this is a carefully engineered outcome that can disappoint us.,"One of those things means an unavoidable happening, but the sentence describes something deliberately caused."
one over the eight,"Mister, don't you try getting me one over the eight.","Mister, don't you try getting me slightly drunk.",One over the eight means having drunk a little too much.,"Mister, don't you try getting me completely sober.","The idiom means being slightly drunk, but the sentence describes sobriety."
one-horse race,"It was a jibe that nearly became a prophecy, though Cambridge were left with more of a one-horse race.","It was a jibe that nearly became a prophecy, though Cambridge were left with more of a contest with only one real contender.",A one-horse race means a competition where only one participant has any chance.,"It was a jibe that nearly became a prophecy, though Cambridge were left with more of a contest between many equal contenders.","The idiom means a foregone conclusion, but the sentence describes an open field."
only time will tell,Only time will tell whether it can hold its place in this competitive field.,Only future events will reveal whether it can hold its place in this competitive field.,"Only time will tell means the answer cannot be known until later, which applies to its prospects.",Present evidence already reveals whether it can hold its place in this competitive field.,"Only time will tell means the outcome is not yet knowable, but the sentence claims it is already clear."
open someone's eyes,"This gripping novel opens our eyes to another world, yet its themes are ones we all know.","This gripping novel makes us aware of another world, yet its themes are ones we all know.","To open someone's eyes means to make them newly aware of something, which the novel does.","This gripping novel keeps us ignorant of another world, yet its themes are ones we all know.","To open someone's eyes means creating awareness, but the sentence describes concealment."
open the floodgates,The case could open the floodgates for thousands of similar claims worldwide.,The case could release an overwhelming rush of thousands of similar claims worldwide.,"To open the floodgates means to remove a barrier and let a flood of something through, which the case might do for claims.",The case could firmly block off thousands of similar claims worldwide.,"To open the floodgates means releasing a flood, but the sentence describes preventing one."
out and about,My officers find it frustrating to see the same persistent thieves out and about.,My officers find it frustrating to see the same persistent thieves moving freely in public.,"Out and about means going around in public rather than confined, the source of the officers' frustration.",My officers find it frustrating to see the same persistent thieves securely locked away.,"Out and about means being at liberty in public, but the sentence describes imprisonment, which would not frustrate officers."
out cold,He stood outside the door and cried and then went and drank until he was out cold.,He stood outside the door and cried and then went and drank until he was completely unconscious.,"Out cold means being entirely insensible, the state reached through drinking.",He stood outside the door and cried and then went and drank until he was completely alert.,"Out cold means unconscious, but the sentence describes heightened alertness."
out of kilter,Perhaps the swing sends the blood rushing to his brain and it gets over-enriched and out of kilter.,Perhaps the swing sends the blood rushing to his brain and it gets over-enriched and thrown out of balance.,"Out of kilter means no longer properly balanced or aligned, describing the effect on the brain.",Perhaps the swing sends the blood rushing to his brain and it gets over-enriched and perfectly balanced.,"Out of kilter means being unbalanced, but the sentence describes correct balance."
out of order,That's why you I think you're well out of order.,That's why you I think you're behaving quite unacceptably.,"Out of order means behaving in a way that is unacceptable, the accusation being made.",That's why you I think you're behaving entirely properly.,"Out of order means unacceptable behaviour, but the sentence describes correct conduct."
out of pocket,"So they're not out of pocket, they don't have to keep two homes going.","So they're not financially worse off, they don't have to keep two homes going.","Out of pocket means having lost money on something, which they avoid by not running two homes.","So they're not financially better off, they don't have to keep two homes going.","Out of pocket means losing money, but the sentence turns it into a gain, reversing the logic."
out of sight,He saw it drop out of sight below the lip.,He saw it drop beyond his view below the lip.,"Out of sight means no longer visible, describing the object vanishing below the edge.",He saw it drop into full view below the lip.,"Out of sight means no longer visible, but the sentence describes it becoming clearly seen."
out of sorts,Everyday life takes a nebulous turn Wednesday and everything looks so out of sorts.,Everyday life takes a nebulous turn Wednesday and everything looks so unsettled and wrong.,"Out of sorts means slightly unwell or not right, matching the nebulous turn described.",Everyday life takes a nebulous turn Wednesday and everything looks so settled and correct.,"Out of sorts means being unsettled, but the sentence describes everything as normal, which conflicts with the nebulous turn."
out of the blue,That same week he told Maggie out of the blue that he wanted to see her alone.,That same week he told Maggie completely unexpectedly that he wanted to see her alone.,"Out of the blue means happening without warning, describing how the announcement came.",That same week he told Maggie exactly as she had anticipated that he wanted to see her alone.,"Out of the blue means unexpected, but the sentence describes something foreseen."
out of the loop,I've been out of the loop for a while.,I've been excluded from the flow of information for a while.,"Out of the loop means no longer receiving relevant information, the speaker's admission.",I've been fully briefed on everything for a while.,"Out of the loop means being uninformed, but the sentence describes being well informed."
out of the picture,He thought he could mindblast her as simply as he had put Tunney out of the picture.,He thought he could mindblast her as simply as he had removed Tunney from involvement.,"Out of the picture means no longer part of a situation, which is what he did to Tunney.",He thought he could mindblast her as simply as he had brought Tunney into involvement.,"Out of the picture means being removed from a situation, but the sentence describes bringing someone in."
out of the question,A continuation of Krabbe's suspension now looks out of the question.,A continuation of Krabbe's suspension now looks entirely impossible.,"Out of the question means not even worth considering as a possibility, which applies to the suspension.",A continuation of Krabbe's suspension now looks entirely certain.,"Out of the question means impossible, but the sentence describes it as guaranteed."
out of the woods,He'd most likely be out of the wood by now.,He'd most likely be clear of danger by now.,"Out of the woods means past the worst of a difficulty, the likely state assumed.",He'd most likely be deep in danger by now.,"Out of the woods means being past danger, but the sentence places him in the middle of it."
out of thin air,You didn't just pluck those adjectives out of thin air.,You didn't just invent those adjectives from nothing.,"Out of thin air means produced from nothing without basis, which the speaker denies happened.",You didn't just derive those adjectives from solid evidence.,"Out of thin air means invented without basis, but the sentence describes well-grounded derivation, reversing the point."
out of this world,"Well, the place was just a dream … completely out of this world.","Well, the place was just a dream … absolutely extraordinary.","Out of this world means exceptionally good, matching the description of the place as a dream.","Well, the place was just a dream … utterly ordinary.","Out of this world means extraordinary, but the sentence describes something unremarkable."
out of whack,"For some reason, asset prices get way out of whack and rise to unsustainable levels.","For some reason, asset prices get badly out of proper alignment and rise to unsustainable levels.","Out of whack means no longer in a correct or balanced state, describing distorted prices.","For some reason, asset prices get precisely into proper alignment and rise to unsustainable levels.","Out of whack means being misaligned, but the sentence describes correct alignment, which would not be unsustainable."
out of your mind,"You can't … you're out of your mind with fever, she stammered wildly.","You can't … you're not thinking rationally with fever, she stammered wildly.","To be out of your mind means to be unable to think clearly, here because of illness.","You can't … you're thinking with perfect clarity with fever, she stammered wildly.","The idiom means being unable to think clearly, but the sentence describes lucidity."
out on a limb,"It was about ninety pounds and he went out on a limb for it, too.","It was about ninety pounds and he took a risky exposed position for it, too.","To go out on a limb means to take a risk without support, which the purchase involved.","It was about ninety pounds and he took a completely safe position for it, too.","Out on a limb means taking a risk, but the sentence describes safety."
over my dead body,"'Over my dead body', said Mr Robshaw, and hurriedly called a public meeting.","'Only if I am powerless to prevent it', said Mr Robshaw, and hurriedly called a public meeting.","Over my dead body expresses absolute refusal to allow something, explaining the urgent meeting.","'I shall raise no objection at all', said Mr Robshaw, and hurriedly called a public meeting.","The phrase means absolute opposition, but the sentence describes acceptance, which no meeting would follow."
over the counter,The market in question is the over-the-counter market.,The market in question is the one traded directly between parties rather than on an exchange.,Over the counter describes trading conducted directly rather than through a formal exchange.,The market in question is the one traded exclusively on a formal central exchange.,"Over the counter means trading off-exchange, but the sentence describes exchange trading."
over the hill,"No it's it, she was a bit over the hill for it I'm afraid.","No it's it, she was a bit past her prime for it I'm afraid.","Over the hill means being too old for something, the reason given.","No it's it, she was a bit too youthful for it I'm afraid.","Over the hill means being past your prime, but the sentence says she was too young."
over the moon,"While this could be wonderful, you are unlikely to feel over-the-moon about it all.","While this could be wonderful, you are unlikely to feel absolutely delighted about it all.","Over the moon means extremely pleased, the reaction thought unlikely.","While this could be wonderful, you are unlikely to feel utterly miserable about it all.","Over the moon means being delighted, but the sentence describes misery, which conflicts with 'wonderful'."
over the top,he can be funny but sometimes he just goes over the top.,he can be funny but sometimes he just takes it to excess.,"Over the top means going too far beyond what is appropriate, the criticism qualifying the praise.",he can be funny but sometimes he just holds himself carefully in check.,"Over the top means going too far, but the sentence describes restraint, which would not be a criticism."
over your head,It washes over your head without making you sit up and take notice.,It passes beyond your understanding without making you sit up and take notice.,"To go over your head means to be beyond someone's comprehension, which explains the lack of reaction.",It lands squarely within your understanding without making you sit up and take notice.,"Over your head means beyond comprehension, but the sentence describes it being clearly grasped."
pack a punch,"Switzerland may be small, but it packs a powerful sightseeing punch.","Switzerland may be small, but it delivers a powerful sightseeing impact.","To pack a punch means to have a strong effect despite appearances, the contrast with being small.","Switzerland may be small, but it delivers a feeble sightseeing impact.","To pack a punch means having a strong effect, but the sentence describes weakness, which removes the contrast."
packed like sardines,Vaguely she wondered who had coined the phrase packed like sardines.,Vaguely she wondered who had coined the phrase crammed tightly together.,Packed like sardines means squeezed together with no space.,Vaguely she wondered who had coined the phrase spread comfortably apart.,"The idiom means being crammed together, but the sentence describes ample space."
paint the town red,Tonight we're going to paint the town red.,Tonight we're going to celebrate wildly around town.,To paint the town red means to go out and enjoy yourself boisterously.,Tonight we're going to stay quietly indoors.,"The idiom means going out celebrating, but the sentence describes staying home."
paper over the cracks,"When there isn't enough time, you find yourself papering over the cracks and making stopgap decisions.","When there isn't enough time, you find yourself concealing problems without fixing them and making stopgap decisions.","To paper over the cracks means to hide faults rather than repair them, matching the stopgaps.","When there isn't enough time, you find yourself repairing problems thoroughly and making stopgap decisions.","The idiom means concealing rather than fixing, but the sentence describes proper repair, which stopgaps contradict."
part company,"With the murder Raskolnikov erupts into the full glare of the actual, and parts company with his predecessor.","With the murder Raskolnikov erupts into the full glare of the actual, and separates from his predecessor.","To part company means to go separate ways or diverge, which the murder causes.","With the murder Raskolnikov erupts into the full glare of the actual, and merges completely with his predecessor.","To part company means diverging, but the sentence describes becoming identical."
part of the furniture,Somehow at that moment he was very far from being just part of the furniture.,Somehow at that moment he was very far from being just an unnoticed fixture.,"Part of the furniture means someone so familiar they go unnoticed, which he conspicuously was not.",Somehow at that moment he was very far from being just a startling novelty.,"Part of the furniture means being unnoticed through familiarity, but the sentence describes being conspicuous, which reverses the point."
party animal,"These were Clione, and I came to think of them as the party animals, always feasting and fighting and mating.","These were Clione, and I came to think of them as the relentless revellers, always feasting and fighting and mating.","A party animal means someone devoted to lively socialising, applied here to the creatures.","These were Clione, and I came to think of them as the solitary recluses, always feasting and fighting and mating.","A party animal means a devoted reveller, but the sentence describes solitude, which the feasting contradicts."
pass muster,"Critically surveying her reflection, she told herself she would pass muster.","Critically surveying her reflection, she told herself she would meet the required standard.","To pass muster means to be judged acceptable, her verdict on her appearance.","Critically surveying her reflection, she told herself she would fall well below the required standard.","To pass muster means being acceptable, but the sentence describes failing the standard."
pass the buck,Everyone was passing the buck — no one would actually express to John what their feelings were.,Everyone was shifting responsibility to someone else — no one would actually express to John what their feelings were.,"To pass the buck means to avoid responsibility by transferring it, which explains why no one spoke to John.",Everyone was firmly accepting responsibility themselves — no one would actually express to John what their feelings were.,"To pass the buck means avoiding responsibility, but the sentence describes accepting it, which would not prevent anyone speaking."
pay through the nose,They run over cross-country courses and pay through the nose for it.,They run over cross-country courses and pay an excessive amount for it.,"To pay through the nose means to pay far more than something is worth, describing the cost.",They run over cross-country courses and pay a trivial amount for it.,"To pay through the nose means paying excessively, but the sentence describes it being cheap."
pearly whites,They recommend at least three minutes brushing twice a day to keep your teeth looking pearly white.,They recommend at least three minutes brushing twice a day to keep your teeth looking brilliantly white.,"Pearly whites refers to bright white teeth, which the brushing is meant to preserve.",They recommend at least three minutes brushing twice a day to keep your teeth looking deeply stained.,"Pearly whites means brilliantly white teeth, but the sentence describes discoloration, which brushing would prevent."
pecking order,Some individuals manage to intimidate all their companions and rise to the top of the peck-order.,Some individuals manage to intimidate all their companions and rise to the top of the social hierarchy.,"A pecking order is a ranking of status within a group, which the intimidation allows them to climb.",Some individuals manage to intimidate all their companions and rise to the top of a group with no ranking at all.,"A pecking order means a status hierarchy, but the sentence describes a group without one, leaving nothing to rise through."
peed off,Yeah oh I think he's just peed off with his father.,Yeah oh I think he's just thoroughly annoyed with his father.,"Peed off means irritated and resentful, describing his feeling towards his father.",Yeah oh I think he's just thoroughly delighted with his father.,"Peed off means being annoyed, but the sentence describes pleasure."
perish the thought,Perish the thought you have to be certified to do that.,Heaven forbid you have to be certified to do that.,"Perish the thought expresses hope that something will never come about, used here dismissively.",Let us hope it comes true that you have to be certified to do that.,"Perish the thought rejects an unwelcome possibility, but the sentence welcomes it."
pick holes,(a) It's a great opportunity to pick holes in the way the class is conducted.,(a) It's a great opportunity to find fault with the way the class is conducted.,"To pick holes means to identify flaws and criticise, the opportunity described.",(a) It's a great opportunity to praise without reservation the way the class is conducted.,"To pick holes means finding faults, but the sentence describes unqualified approval."
pick someone's brains,It is a helpful behaviour to use whenever you need to pick someone else's brains.,It is a helpful behaviour to use whenever you need to draw on someone else's knowledge.,"To pick someone's brains means to seek information and ideas from them, the situation described.",It is a helpful behaviour to use whenever you need to withhold your questions from someone else.,"To pick someone's brains means seeking their knowledge, but the sentence describes keeping quiet."
pick up the pieces,This has happened all over the Western world and we must now start to pick up the pieces.,This has happened all over the Western world and we must now start to repair the damage.,"To pick up the pieces means to restore order after something has gone badly wrong, the task now facing them.",This has happened all over the Western world and we must now start to cause further damage.,"To pick up the pieces means repairing damage, but the sentence describes making it worse."
pick up the tab,"In addition, my company will pick up the tab for all legal and moving expenses.","In addition, my company will pay the bill for all legal and moving expenses.","To pick up the tab means to take on the cost of something, the offer being made.","In addition, my company will pass on the bill for all legal and moving expenses.","To pick up the tab means paying the cost yourself, but the sentence transfers it to someone else."
pie in the sky,Do not be deceived into throwing away a decent offer in pursuit of pie in the sky.,Do not be deceived into throwing away a decent offer in pursuit of an unrealistic fantasy.,"Pie in the sky means an appealing prospect with no chance of being realised, the warning being given.",Do not be deceived into throwing away a decent offer in pursuit of a firmly guaranteed reward.,"Pie in the sky means an unrealistic hope, but the sentence describes a certain reward, which would justify the risk."
pigs can fly,'Who said that pigs can't fly?' they said with a grin.,'Who said that the impossible never happens?' they said with a grin.,"Pigs can fly is used to mark something as impossible, and the grin signals the impossible has occurred.",'Who said that the routine never happens?' they said with a grin.,"Pigs can fly refers to the impossible, but the sentence substitutes the ordinary, which removes the joke."
pigs might fly,"'Pigs might fly,' the paramedic muttered, and fastened the collar at last.","'That will never happen,' the paramedic muttered, and fastened the collar at last.","Pigs might fly is a sarcastic way of saying something is impossible, matching the muttering.","'That is bound to happen,' the paramedic muttered, and fastened the collar at last.","The phrase dismisses something as impossible, but the sentence treats it as certain."
piping hot,"Fresh grapefruit, bacon and eggs and piping hot coffee and rolls.","Fresh grapefruit, bacon and eggs and steaming hot coffee and rolls.","Piping hot means very hot and freshly prepared, describing the coffee.","Fresh grapefruit, bacon and eggs and stone cold coffee and rolls.","Piping hot means very hot, but the sentence describes the coffee as cold."
place in the sun,Britain's solar powered car takes its place in the sun.,Britain's solar powered car claims its share of recognition.,"A place in the sun means a position of favourable prominence, punned here on solar power.",Britain's solar powered car retreats into total obscurity.,"A place in the sun means gaining prominence, but the sentence describes withdrawing from view."
plain sailing,"But for those who do have a job, it's hardly plain sailing.","But for those who do have a job, it's hardly straightforward and easy.","Plain sailing means progressing without difficulty, which the employed are said not to enjoy.","But for those who do have a job, it's hardly full of obstacles.","Plain sailing means an easy passage, but the sentence denies difficulty instead, reversing the point."
plan b,Always have a plan B in case your original choice becomes impractical for any reason.,Always have an alternative plan in case your original choice becomes impractical for any reason.,"A plan B is a backup arrangement in case the first one fails, exactly the situation described.",Always have an identical duplicate plan in case your original choice becomes impractical for any reason.,"A plan B is a different fallback option, but the sentence describes a copy of the failed plan, which would help nothing."
play ball,"The editor would have doubled it, if you'd played ball with me.","The editor would have doubled it, if you'd cooperated with me.","To play ball means to cooperate willingly, the condition for the doubled payment.","The editor would have doubled it, if you'd obstructed me at every turn.","To play ball means cooperating, but the sentence describes obstruction, which would not earn a reward."
play fast and loose,"You are not dealing with someone playing fast and loose with other people's lives, he added.","You are not dealing with someone acting recklessly and without scruple with other people's lives, he added.",To play fast and loose means to behave irresponsibly with things that matter.,"You are not dealing with someone acting with the utmost care with other people's lives, he added.","The idiom means acting recklessly, but the sentence describes great care, which reverses the denial."
play for keeps,'Australia are playing this game for keeps and so are we.,'Australia are playing this game in deadly earnest and so are we.,"To play for keeps means to compete seriously with real stakes, the attitude both sides bring.",'Australia are playing this game purely for amusement and so are we.,"To play for keeps means competing in earnest, but the sentence describes a casual game."
play for time,Truman played for time by appointing a brains trust of three to advise him.,Truman created delay by appointing a brains trust of three to advise him.,"To play for time means to take action mainly to postpone a decision, the purpose of the appointment.",Truman forced an immediate decision by appointing a brains trust of three to advise him.,"To play for time means creating delay, but the sentence describes hastening the outcome."
play gooseberry,"I've no taste for playing gooseberry to a couple of lovebirds, I assure you.","I've no taste for being the unwanted third person with a couple of lovebirds, I assure you.",To play gooseberry means to be an unwelcome third party to a couple.,"I've no taste for being the essential companion to a couple of lovebirds, I assure you.","The idiom means being an unwanted third party, but the sentence describes being needed."
play hard to get,"I said I'd have to think about it — playing hard-to-get, you see!","I said I'd have to think about it — pretending reluctance to increase my appeal, you see!","To play hard to get means to feign disinterest in order to seem more desirable, the tactic being admitted.","I said I'd have to think about it — showing my eagerness openly, you see!","To play hard to get means feigning reluctance, but the sentence describes displaying enthusiasm."
play into someone's hands,"You're playing right into their hands, that's why they're beating us!","You're doing exactly what benefits them, that's why they're beating us!","To play into someone's hands means to act in a way that helps your opponent, which explains the defeats.","You're doing exactly what damages them, that's why they're beating us!","To play into someone's hands means helping your opponent, but the sentence describes harming them, which would not explain losing."
play it cool,"Me heart beat fast, I played it cool and window-glazed all the while.","Me heart beat fast, I stayed outwardly calm and window-glazed all the while.","To play it cool means to appear unbothered despite inner agitation, contrasted with the racing heart.","Me heart beat fast, I showed my panic openly and window-glazed all the while.","To play it cool means hiding agitation, but the sentence describes displaying it, removing the contrast."
play it safe,"Nevertheless, the wording is not free from ambiguity, and no doubt some officials decided to play it safe.","Nevertheless, the wording is not free from ambiguity, and no doubt some officials decided to avoid all risk.",To play it safe means to choose the cautious option.,"Nevertheless, the wording is not free from ambiguity, and no doubt some officials decided to take every risk.","The idiom means acting cautiously, but the sentence describes recklessness."
play possum,Hold 'em under your tongue and play possum.,Hold 'em under your tongue and pretend to be unconscious.,To play possum means to feign sleep or death to avoid attention.,Hold 'em under your tongue and make yourself obviously alert.,"The idiom means feigning unconsciousness, but the sentence describes drawing attention."
play silly buggers,"Let's stop playing silly buggers, he said, striding back into his office.","Let's stop messing about pointlessly, he said, striding back into his office.",The idiom means behaving in a deliberately foolish or obstructive way.,"Let's stop working with total seriousness, he said, striding back into his office.","The idiom means messing about, but the sentence objects to seriousness."
play the field,"So she had played the field, enjoying male company without getting in too deep.","So she had dated many people casually, enjoying male company without getting in too deep.","To play the field means to have several romantic involvements rather than committing, which fits avoiding depth.","So she had committed to one partner exclusively, enjoying male company without getting in too deep.","To play the field means avoiding commitment, but the sentence describes an exclusive relationship."
play to the gallery,Worse is the sacrifice of theological integrity for the sake of playing to the gallery.,Worse is the sacrifice of theological integrity for the sake of courting popular approval.,"To play to the gallery means to act for popular applause rather than principle, which the integrity is sacrificed for.",Worse is the sacrifice of theological integrity for the sake of ignoring popular approval.,"To play to the gallery means seeking popular approval, but the sentence describes disregarding it, which would not require sacrifice."
play with fire,Failure to stick to the safety rules is simply playing with fire.,Failure to stick to the safety rules is simply taking a reckless risk.,"To play with fire means to act dangerously and invite disaster, the consequence of ignoring safety rules.",Failure to stick to the safety rules is simply exercising sensible caution.,"To play with fire means acting dangerously, but the sentence calls rule-breaking prudent."
pleased as punch,"He had landed a contract as pleased as Punch, and I made a feast for his friends.","He had landed a contract absolutely delighted, and I made a feast for his friends.","Pleased as Punch means extremely pleased, describing his reaction to the contract.","He had landed a contract deeply disappointed, and I made a feast for his friends.","Pleased as Punch means being delighted, but the sentence describes disappointment, which a feast would not follow."
poacher turned gamekeeper,"On the other hand, there have been successful cases of poacher-turned-gamekeeper.","On the other hand, there have been successful cases of an offender switching to enforcing the rules.",Poacher turned gamekeeper describes someone who moves from breaking rules to enforcing them.,"On the other hand, there have been successful cases of an offender continuing to break the rules.","Poacher turned gamekeeper means switching sides to enforcement, but the sentence describes no change at all."
point the finger,People must learn to stop blaming women and start pointing the finger at those who are actually guilty.,People must learn to stop blaming women and start directing the accusation at those who are actually guilty.,"To point the finger means to accuse someone of responsibility, redirected here towards the genuinely guilty.",People must learn to stop blaming women and start defending those who are actually guilty.,"To point the finger means accusing someone, but the sentence describes shielding them."
poor as a church mouse,Liz and her husband are as poor as church mice.,Liz and her husband are extremely poor.,"Poor as a church mouse means having almost no money at all, describing the couple.",Liz and her husband are extremely wealthy.,"Poor as a church mouse means being destitute, but the sentence describes riches."
poor little rich girl,"I'd feel sorry for you, but I don't have much time for the poor little rich girl syndrome.","I'd feel sorry for you, but I don't have much time for the wealthy-but-self-pitying syndrome.",The phrase mocks someone who is materially privileged yet complains of unhappiness.,"I'd feel sorry for you, but I don't have much time for the genuinely destitute syndrome.","The phrase refers to a privileged complainer, but the sentence describes real poverty, which would deserve sympathy."
pop the question,He had been seeing her for over a year now and yesterday she popped the big question.,He had been seeing her for over a year now and yesterday she proposed marriage.,"To pop the question means to ask someone to marry you, the event after a year of courtship.",He had been seeing her for over a year now and yesterday she ended the relationship.,"To pop the question means proposing marriage, but the sentence describes a breakup."
pour cold water on,LITTLE Sophie Johnson starred as a soap queen yesterday — and poured cold water on the show.,LITTLE Sophie Johnson starred as a soap queen yesterday — and dampened enthusiasm for the show.,"To pour cold water on something means to discourage enthusiasm for it, playing here on the soap theme.",LITTLE Sophie Johnson starred as a soap queen yesterday — and stirred up enthusiasm for the show.,"To pour cold water on something means dampening enthusiasm, but the sentence describes increasing it."
pour oil on troubled waters,"Ronni smiled a light smile, seeking to pour oil on troubled waters.","Ronni smiled a light smile, seeking to calm a tense situation.","To pour oil on troubled waters means to soothe a conflict, which the smile was intended to do.","Ronni smiled a light smile, seeking to inflame a tense situation.","To pour oil on troubled waters means calming conflict, but the sentence describes making it worse."
presence of mind,I'm glad she had the presence of mind to help you.,I'm glad she had the calm quick thinking to help you.,Presence of mind means staying composed and acting sensibly in a crisis.,I'm glad she had the blind panic to help you.,"Presence of mind means composure, but the sentence describes panic."
present company excepted,Nutty raised an army of smelly Brits while I was away (present company excepted) and I fear a civil war.,Nutty raised an army of smelly Brits while I was away (excluding those here of course) and I fear a civil war.,Present company excepted excludes those listening from a general criticism.,Nutty raised an army of smelly Brits while I was away (including those here especially) and I fear a civil war.,"The phrase exempts the listeners from criticism, but the sentence singles them out."
press the flesh,Sick of politicians lining up to press your flesh?,Sick of politicians lining up to shake hands with you?,"To press the flesh means to shake hands with crowds, as politicians do.",Sick of politicians lining up to avoid all contact with you?,"The idiom means shaking hands with people, but the sentence describes avoiding them."
press the panic button,Two defeats in their six home games is hardly what the fans expect but Flynn isn't pressing the panic button.,Two defeats in their six home games is hardly what the fans expect but Flynn isn't reacting with alarm.,"To press the panic button means to respond to trouble with sudden alarm, which Flynn avoids.",Two defeats in their six home games is hardly what the fans expect but Flynn isn't remaining perfectly calm.,"The idiom means reacting with alarm, but the sentence denies calmness instead, reversing the sense."
prodigal son,They celebrate the return of their not-so-prodigal sons in some considerable style.,They celebrate the return of their not-so-wayward sons in some considerable style.,"A prodigal son is one who leaves and squanders his inheritance before returning, qualified here by 'not-so'.",They celebrate the return of their not-so-obedient sons in some considerable style.,"A prodigal son means a wayward one who returns, but the sentence shifts the sense to disobedience, which changes the allusion."
prop up the bar,"Dennis and the others were propping up the bar, Karen was supposedly selecting duty-free perfume.","Dennis and the others were drinking at length in the bar, Karen was supposedly selecting duty-free perfume.","To prop up the bar means to spend a long time drinking there, contrasted with Karen's shopping.","Dennis and the others were briskly walking past the bar, Karen was supposedly selecting duty-free perfume.","To prop up the bar means lingering there drinking, but the sentence describes passing straight by."
public enemy number one,The plastic bag has become public enemy number one.,The plastic bag has become the most reviled thing of all.,"Public enemy number one means the object of greatest public hostility, the status now given to plastic bags.",The plastic bag has become the most admired thing of all.,"Public enemy number one means the most hated thing, but the sentence describes universal admiration."
pull a face,"Startled by his understanding, Polly nodded and pulled a wry face.","Startled by his understanding, Polly nodded and made a wry expression.","To pull a face means to make a deliberate expression, describing Polly's reaction.","Startled by his understanding, Polly nodded and kept a wholly blank expression.","To pull a face means making an expression, but the sentence describes showing nothing."
pull a fast one,Often makers try pulling a fast one by giving a tractor a number bigger than its actual horsepower.,Often makers try deceiving buyers by giving a tractor a number bigger than its actual horsepower.,To pull a fast one means to gain advantage through trickery.,Often makers try informing buyers honestly by giving a tractor a number bigger than its actual horsepower.,"The idiom means deceiving, but the sentence describes honesty, which inflated numbers contradict."
pull a rabbit out of a hat,Preservation is about to pull its biggest rabbit out of an amazingly copious hat.,Preservation is about to produce its biggest unexpected solution from an amazingly copious hat.,To pull a rabbit out of a hat means to produce a surprising solution when none seemed available.,Preservation is about to produce its biggest wholly predictable outcome from an amazingly copious hat.,"To pull a rabbit out of a hat means an unexpected feat, but the sentence describes something entirely foreseen."
pull out all the stops,Tony's hoping he'll pull out all the stops on the final day tomorrow.,Tony's hoping he'll make every possible effort on the final day tomorrow.,"To pull out all the stops means to do everything you can, the hope for the final day.",Tony's hoping he'll hold most of his effort back on the final day tomorrow.,"To pull out all the stops means giving maximum effort, but the sentence describes holding back."
pull rank,"He pulled rank and went to bed at half past eleven, leaving me on for the late-night drinks.","He used his seniority to get his way and went to bed at half past eleven, leaving me on for the late-night drinks.","To pull rank means to use your superior position to claim a privilege, which got him an early night.","He waived his seniority entirely and went to bed at half past eleven, leaving me on for the late-night drinks.","To pull rank means using seniority for advantage, but the sentence describes setting it aside."
pull someone's leg,well I said I think he was pulling your leg.,well I said I think he was teasing you with something untrue.,"To pull someone's leg means to tease them with a playful falsehood, the explanation offered.",well I said I think he was telling you the plain truth.,"To pull someone's leg means teasing with a falsehood, but the sentence describes honesty."
pull the plug,'Pulling the plug' is not an event to tax the criminal lawyer.,'Ending something abruptly' is not an event to tax the criminal lawyer.,"To pull the plug means to bring something to a sudden end, the event under discussion.",'Keeping something running indefinitely' is not an event to tax the criminal lawyer.,"To pull the plug means ending something, but the sentence describes sustaining it."
pull the wool over someone's eyes,Someone is trying to pull the wool over your eyes.,Someone is trying to deceive you about what is really happening.,"To pull the wool over someone's eyes means to mislead them deliberately, the warning being given.",Someone is trying to inform you fully about what is really happening.,"To pull the wool over someone's eyes means deceiving them, but the sentence describes honest disclosure."
pull your punches,Yet another major error is to pull your punches.,Yet another major error is to hold back from full force.,"To pull your punches means to act with less force than you could, treated here as a mistake.",Yet another major error is to strike with absolutely full force.,"The idiom means holding back, but the sentence identifies full force as the error."
pure and simple,But lineage pure and simple was not the only consideration.,But lineage considered on its own was not the only consideration.,"Pure and simple means taken by itself with nothing else involved, which lineage was not.",But lineage combined with many other factors was not the only consideration.,"Pure and simple means something taken alone, but the sentence already bundles it with other factors, making the statement redundant."
push the boat out,This is carried by a show of hands and the commodore pushes the boat out.,This is carried by a show of hands and the commodore spends generously on celebration.,"To push the boat out means to spend lavishly on an occasion, punned here on the nautical setting.",This is carried by a show of hands and the commodore spends as little as possible.,"To push the boat out means spending generously, but the sentence describes stinginess."
put a damper on,"His tone was censorious, putting an instant damper on the moment.","His tone was censorious, instantly subduing the mood of the moment.","To put a damper on something means to reduce its enjoyment, the effect of his censorious tone.","His tone was censorious, instantly lifting the mood of the moment.","To put a damper on something means subduing the mood, but the sentence describes raising it, which a censorious tone would not."
put a foot wrong,"From start to finish, Rogers never put a foot wrong.","From start to finish, Rogers never made a single mistake.","To put a foot wrong means to make an error, which Rogers avoided entirely.","From start to finish, Rogers never made a single correct move.","To put a foot wrong means making a mistake, but the sentence reverses it into never doing anything right."
put a sock in it,"That sort does all sorts of silly things, till experience tells them to put a sock in it.","That sort does all sorts of silly things, till experience tells them to be quiet.","To put a sock in it means to stop talking, which experience eventually teaches.","That sort does all sorts of silly things, till experience tells them to speak up loudly.","To put a sock in it means falling silent, but the sentence encourages more talking."
put down roots,They might be given no time to put down territorial roots.,They might be given no time to settle permanently in a territory.,"To put down roots means to establish yourself somewhere lastingly, which they lack time for.",They might be given no time to move on from a territory.,"To put down roots means settling permanently, but the sentence describes leaving."
put paid to,But the glint of mockery in his dark eyes put paid to that fantasy.,But the glint of mockery in his dark eyes destroyed that fantasy completely.,"To put paid to something means to end it decisively, which the mockery did to the fantasy.",But the glint of mockery in his dark eyes strengthened that fantasy considerably.,"To put paid to something means ending it, but the sentence describes it being reinforced."
put someone in mind of,It put Luce in mind of a corrupt and rotting corpse.,It reminded Luce of a corrupt and rotting corpse.,"To put someone in mind of something means to bring it to their thoughts, the effect on Luce.",It drove entirely from Luce's thoughts a corrupt and rotting corpse.,"To put someone in mind of something means reminding them, but the sentence describes it being forgotten."
put someone on a pedestal,"Let's face it, possum, there are some who would put me on a pedestal.","Let's face it, possum, there are some who would admire me excessively.",To put someone on a pedestal means to idealise them beyond what is warranted.,"Let's face it, possum, there are some who would despise me utterly.","The idiom means excessive admiration, but the sentence describes contempt."
put the boot in,Faust plug back in and put the boot in with a vengeance.,Faust plug back in and attack with brutal force with a vengeance.,"To put the boot in means to attack someone already down, matching the aggressive return.",Faust plug back in and withdraw gently with a vengeance.,"To put the boot in means attacking forcefully, but the sentence describes retreat."
put the cart before the horse,It is Labour's insistence on putting the cart before the horse which fills me with gloom.,It is Labour's insistence on doing things in the wrong order which fills me with gloom.,"To put the cart before the horse means to reverse the proper sequence, the criticism made of Labour.",It is Labour's insistence on doing things in exactly the right order which fills me with gloom.,"To put the cart before the horse means reversing the correct order, but the sentence describes proper sequence, which would not cause gloom."
put the cat among the pigeons,We've put the cat among the pigeons.,We've caused a sudden commotion and alarm.,To put the cat among the pigeons means to say or do something that causes uproar.,We've settled everything into perfect calm.,"To put the cat among the pigeons means causing uproar, but the sentence describes restoring peace."
put the kibosh on,The collapse of the junk-bond market has put the kibosh on a management buy-out of Wickes.,The collapse of the junk-bond market has put a decisive stop to a management buy-out of Wickes.,To put the kibosh on something means to end its chances decisively.,The collapse of the junk-bond market has given a decisive boost to a management buy-out of Wickes.,"The idiom means stopping something, but the sentence describes helping it along."
put the wind up,You put the wind up her with that crucifix down your sock.,You thoroughly frightened her with that crucifix down your sock.,"To put the wind up someone means to alarm them, the effect of the crucifix.",You thoroughly reassured her with that crucifix down your sock.,"To put the wind up someone means frightening them, but the sentence describes comfort."
put two and two together,The connection is obvious to anyone who can put two and two together.,The connection is obvious to anyone who can draw the natural inference.,"To put two and two together means to work something out from the available facts, which makes the connection obvious.",The connection is obvious to anyone who can ignore the available facts.,"To put two and two together means reasoning from the facts, but the sentence describes disregarding them."
put up or shut up,The Labour party should put up or shut up.,The Labour party should either act on its claims or stop making them.,Put up or shut up demands that someone back their words with action or fall silent.,The Labour party should both act on its claims and go on making them.,"The phrase presents a choice between acting and staying silent, but the sentence permits both."
put words in someone's mouth,"He should not put words in my mouth, however, or make false assumptions.","He should not attribute to me things I never said, however, or make false assumptions.","The idiom means falsely claiming someone said something, paired here with false assumptions.","He should not quote me with perfect accuracy, however, or make false assumptions.","The idiom means misattributing statements, but the sentence objects to accurate quotation."
put your oar in,"She was talking to me just now, before you put your oar in.","She was talking to me just now, before you interrupted uninvited.","To put your oar in means to intervene in something that is not your concern, the complaint being made.","She was talking to me just now, before you stayed politely silent.","To put your oar in means interrupting, but the sentence describes keeping quiet, which would prompt no complaint."
quick as a flash,"Quick as a flash, Michael replied: 'Bob, I'm glad to see you, too.","Instantly and without hesitation, Michael replied: 'Bob, I'm glad to see you, too.","Quick as a flash means responding immediately, describing Michael's reply.","After a long thoughtful pause, Michael replied: 'Bob, I'm glad to see you, too.","The idiom means an instant response, but the sentence describes a delay."
rack your brain,"I'm not immediately aware of anything else, but members, please rack your brains as we go through.","I'm not immediately aware of anything else, but members, please think as hard as you can as we go through.",To rack your brains means to make a strenuous effort to remember or think of something.,"I'm not immediately aware of anything else, but members, please avoid thinking at all as we go through.","The idiom means thinking hard, but the sentence asks for no thought."
rags to riches,There is more than a touch of rags to riches in the story of the outsize barons.,There is more than a touch of poverty transformed into wealth in the story of the outsize barons.,"Rags to riches describes a rise from poverty to great wealth, the shape of the barons' story.",There is more than a touch of wealth reduced to poverty in the story of the outsize barons.,"Rags to riches means rising from poverty to wealth, but the sentence reverses the direction."
rain cats and dogs,"An umbrella is useful in a mild rain, but when it rains cats and dogs an umbrella is of little help.","An umbrella is useful in a mild rain, but when it rains extremely heavily an umbrella is of little help.","To rain cats and dogs means to rain very hard, which defeats the umbrella.","An umbrella is useful in a mild rain, but when it rains barely at all an umbrella is of little help.","The idiom means torrential rain, but the sentence describes a drizzle, which an umbrella would handle."
rain or shine,"Scores of rambling and cycling clubs headed remorselessly for the Dales each weekend, come rain or shine.","Scores of rambling and cycling clubs headed remorselessly for the Dales each weekend, whatever the weather.","Rain or shine means regardless of conditions, matching the remorseless weekly journeys.","Scores of rambling and cycling clubs headed remorselessly for the Dales each weekend, only in perfect weather.","Rain or shine means regardless of conditions, but the sentence makes the trips conditional on good weather."
raise hell,"The babies are no better when they leave, patiently raising hell all the way to the door.","The babies are no better when they leave, patiently creating an uproar all the way to the door.","To raise hell means to make a great disturbance, describing the babies' progress to the door.","The babies are no better when they leave, patiently keeping perfectly quiet all the way to the door.","To raise hell means making a disturbance, but the sentence describes silence, which would not be 'no better'."
raise the roof,And raising the roof … the house where lightning struck twice.,And making a tremendous noise … the house where lightning struck twice.,"To raise the roof means to create a great deal of noise, punned here against the house.",And keeping perfectly silent … the house where lightning struck twice.,"To raise the roof means making a great noise, but the sentence describes silence."
rake over old coals,"I do not see the point in raking over old coals, he said philosophically.","I do not see the point in reviving long-settled grievances, he said philosophically.",To rake over old coals means to revisit past disputes unnecessarily.,"I do not see the point in leaving long-settled grievances alone, he said philosophically.","The idiom means revisiting old disputes, but the sentence objects to letting them lie."
rank and file,Technological changes came about as much by rank-and-file initiative as by management innovation.,Technological changes came about as much by ordinary members' initiative as by management innovation.,"Rank and file means the ordinary members rather than the leaders, contrasted here with management.",Technological changes came about as much by senior executives' initiative as by management innovation.,"Rank and file means ordinary members, but the sentence substitutes leaders, which collapses the contrast with management."
rare bird,BICC spoke of employing headhunters when looking for rare birds for specialised jobs.,BICC spoke of employing headhunters when looking for unusually hard-to-find people for specialised jobs.,"A rare bird means an exceptional and uncommon individual, hence the headhunters.",BICC spoke of employing headhunters when looking for extremely commonplace people for specialised jobs.,"A rare bird means an uncommon individual, but the sentence describes ordinary ones, who would need no headhunter."
read between the lines,I can't help reading between the lines of his letters to Serafin.,I can't help looking for the hidden meaning in his letters to Serafin.,"To read between the lines means to find a meaning that is implied rather than stated, the habit described.",I can't help taking at face value every word in his letters to Serafin.,"To read between the lines means seeking implied meaning, but the sentence describes literal reading."
read my lips,When he uttered his infamous words Read my lips.,When he uttered his infamous words Understand me absolutely clearly.,Read my lips introduces a statement the speaker insists must not be misunderstood.,When he uttered his infamous words Pay no attention to what I say.,"The phrase demands the listener take note, but the sentence tells them to disregard it."
recharge your batteries,It simply means you're in the process of recharging your batteries and reassessing your priorities.,It simply means you're in the process of restoring your energy and reassessing your priorities.,"To recharge your batteries means to recover your energy after depletion, paired here with reassessment.",It simply means you're in the process of exhausting your energy and reassessing your priorities.,"To recharge your batteries means restoring energy, but the sentence describes draining it."
reinvent the wheel,Learning by discovery doesn't mean reinventing the wheel each time you need to move the wagon.,Learning by discovery doesn't mean redoing work already done each time you need to move the wagon.,"To reinvent the wheel means to waste effort recreating something that already exists, which discovery learning need not involve.",Learning by discovery doesn't mean using work already done each time you need to move the wagon.,"To reinvent the wheel means needlessly redoing existing work, but the sentence describes reusing it, reversing the point."
rest on your laurels,That is the only time when you can rest on your laurels.,That is the only time when you can rely on past achievements without further effort.,"To rest on your laurels means to be satisfied with past success and stop striving, permitted only then.",That is the only time when you can strive harder than ever before.,"To rest on your laurels means ceasing to strive, but the sentence describes redoubled effort."
rewrite history,James's book rather rewrites history when he says he wanted Niki to think he'd been psyched out.,James's book rather falsifies the record of the past when he says he wanted Niki to think he'd been psyched out.,To rewrite history means to give a false account of past events.,James's book rather confirms the record of the past when he says he wanted Niki to think he'd been psyched out.,"The idiom means falsifying the past, but the sentence describes corroborating it."
rhyme or reason,"There is not rhyme or reason to that road, and just occasionally, it is blissfully clear.","There is not any logic or pattern to that road, and just occasionally, it is blissfully clear.","Rhyme or reason means sense or logical pattern, which the road is said to lack.","There is not any confusion or disorder to that road, and just occasionally, it is blissfully clear.","The idiom means lacking logic, but the sentence denies disorder instead, reversing the complaint."
ride for a fall,"With your present bolshy attitude, you're riding for a fall.","With your present bolshy attitude, you're heading for certain trouble.","To ride for a fall means to behave in a way that invites disaster, the warning about the attitude.","With your present bolshy attitude, you're heading for certain success.","To ride for a fall means inviting disaster, but the sentence predicts success, which the attitude would not warrant."
ride high,"You see, as long as things were happening their faith was riding high.","You see, as long as things were happening their faith was flourishing strongly.","To ride high means to be enjoying success and confidence, describing the state of their faith.","You see, as long as things were happening their faith was collapsing rapidly.","To ride high means flourishing, but the sentence describes collapse, which the conditions would not produce."
ride roughshod over,He accused the council of riding roughshod over the views of Middlesbrough people.,He accused the council of trampling dismissively on the views of Middlesbrough people.,"To ride roughshod over something means to disregard it with contempt, the accusation against the council.",He accused the council of attending carefully to the views of Middlesbrough people.,"To ride roughshod means disregarding contemptuously, but the sentence describes respectful attention, which would not be an accusation."
ride shotgun,"Up to 1,800 troops will be made available to the UN to ride shotgun on food convoys in Bosnia.","Up to 1,800 troops will be made available to the UN to travel as armed escort on food convoys in Bosnia.",To ride shotgun means to accompany as an armed guard.,"Up to 1,800 troops will be made available to the UN to remain far away from food convoys in Bosnia.","The idiom means escorting closely, but the sentence keeps the troops distant."
right as rain,Yeah but when he got down here he was as right as rain wasn't he?,Yeah but when he got down here he was perfectly well wasn't he?,"Right as rain means being in completely good health or order, his state on arrival.",Yeah but when he got down here he was seriously unwell wasn't he?,"Right as rain means being perfectly well, but the sentence describes illness."
right up your street,This sort of thing should be right up your street.,This sort of thing should be exactly suited to your interests.,"Right up your street means matching someone's tastes or abilities precisely, the assessment offered.",This sort of thing should be entirely unsuited to your interests.,"Right up your street means suiting someone perfectly, but the sentence describes a mismatch."
ring a bell,To readers of this column does the name Rosenstein ring a bell?,To readers of this column does the name Rosenstein seem vaguely familiar?,"To ring a bell means to stir a faint recollection, which the question asks about.",To readers of this column does the name Rosenstein seem completely unknown?,"To ring a bell means seeming familiar, but the sentence asks about total unfamiliarity."
rise from the ashes,A new self has risen from the ashes of the old body.,A new self has emerged renewed from the destruction of the old body.,"To rise from the ashes means to be reborn out of ruin, describing the emergence of the new self.",A new self has emerged untouched from the intact form of the old body.,"To rise from the ashes means emerging from destruction, but the sentence describes nothing having been destroyed."
rise through the ranks,At that time a new dance director had risen through the ranks.,At that time a new dance director had worked up from a junior position.,"To rise through the ranks means to reach a senior post by progressing from the bottom, the director's route.",At that time a new dance director had been appointed straight from outside.,"To rise through the ranks means progressing internally from the bottom, but the sentence describes an external appointment."
rise to the occasion,"As I say, it is the chorus which too often fails to rise to the occasion.","As I say, it is the chorus which too often fails to perform well when it matters.","To rise to the occasion means to perform well under demanding circumstances, which the chorus fails at.","As I say, it is the chorus which too often fails to perform poorly when it matters.","To rise to the occasion means performing well when it counts, but the sentence says they fail to do badly, reversing the criticism."
rock bottom,"At the time, I thought one had hit rock bottom.","At the time, I thought one had reached the lowest possible point.","Rock bottom means the very lowest state that can be reached, the speaker's assessment at the time.","At the time, I thought one had reached the highest possible point.","Rock bottom means the lowest point, but the sentence describes the peak."
rock the boat,Who the hell would want to rock the boat on a deal like that!,Who the hell would want to disturb a settled arrangement on a deal like that!,"To rock the boat means to upset a stable situation, which nobody would want to do to a good deal.",Who the hell would want to protect a settled arrangement on a deal like that!,"To rock the boat means disturbing stability, but the sentence describes preserving it, which reverses the rhetorical question."
rough and ready,Such disproportionalities are marginal however and rough and ready proportionality normally occurs.,Such disproportionalities are marginal however and approximate but adequate proportionality normally occurs.,"Rough and ready means crude but sufficient for the purpose, describing the level of proportionality.",Such disproportionalities are marginal however and exact and precise proportionality normally occurs.,"Rough and ready means approximate but serviceable, but the sentence claims perfect precision."
rough and tumble,"For kids, the chance to have an organised rough and tumble is what keeps them going.","For kids, the chance to have an organised boisterous scuffle is what keeps them going.","Rough and tumble means energetic disorderly play, which the organised version provides.","For kids, the chance to have an organised silent stillness is what keeps them going.","Rough and tumble means boisterous play, but the sentence describes quiet inactivity."
rough around the edges,"What talisman is there, he asked, his voice rough around the edges, that could protect me from you?","What talisman is there, he asked, his voice slightly coarse and unpolished, that could protect me from you?","Rough around the edges means somewhat unrefined, describing his voice.","What talisman is there, he asked, his voice perfectly smooth and polished, that could protect me from you?","The idiom means being unpolished, but the sentence describes a refined voice."
rough edges,Punk prided itself on making recordings with all the rough edges showing.,Punk prided itself on making recordings with all the unpolished imperfections showing.,"Rough edges means the unrefined flaws left unsmoothed, which punk displayed deliberately.",Punk prided itself on making recordings with all the flawless polish showing.,"Rough edges means unpolished imperfections, but the sentence describes a highly finished sound."
round the bend,mum for so long it's driving Dale round the bend!,mum for so long it's driving Dale to distraction!,"To drive someone round the bend means to make them extremely exasperated, the effect on Dale.",mum for so long it's driving Dale to perfect contentment!,"Round the bend means being driven to exasperation, but the sentence describes contentment."
round the clock,MURPHY the butterfly is guarded round the clock — to stop thieves netting her.,MURPHY the butterfly is guarded continuously day and night — to stop thieves netting her.,"Round the clock means without interruption at any hour, describing the guard against thieves.",MURPHY the butterfly is guarded for one brief hour daily — to stop thieves netting her.,"Round the clock means continuous protection, but the sentence describes only occasional guarding."
rub shoulders,The Zosers rubbed shoulders with men with a hundred times their income.,The Zosers mixed socially with men with a hundred times their income.,"To rub shoulders means to associate with people, here those far wealthier.",The Zosers carefully avoided all contact with men with a hundred times their income.,"To rub shoulders means mixing with people, but the sentence describes avoiding them."
rub someone up the wrong way,"You know, they sort of really rub people up the wrong way.","You know, they sort of really irritate people badly.","To rub someone up the wrong way means to annoy them, the effect described.","You know, they sort of really charm people completely.","To rub someone up the wrong way means irritating them, but the sentence describes winning them over."
ruffle someone's feathers,I tried to reason but succeeded only in further ruffling her feathers.,I tried to reason but succeeded only in further irritating her.,"To ruffle someone's feathers means to annoy or unsettle them, the unintended result of reasoning.",I tried to reason but succeeded only in further soothing her.,"To ruffle someone's feathers means annoying them, but the sentence describes calming her, which 'only' would not lament."
run before you can walk,The first lesson was not to run before you can walk.,The first lesson was not to attempt advanced things before mastering the basics.,"To run before you can walk means to skip the fundamentals, the mistake being warned against.",The first lesson was not to master the basics before attempting advanced things.,"To run before you can walk means skipping the basics, but the sentence warns against learning them first."
run someone ragged,As I said Tillo ran him ragged at some stages in the game.,As I said Tillo exhausted him completely at some stages in the game.,"To run someone ragged means to wear them out with relentless pressure, which Tillo did.",As I said Tillo left him perfectly fresh at some stages in the game.,"To run someone ragged means exhausting them, but the sentence describes him being untroubled."
sail close to the wind,"The man Oates is sailing very close to the wind, if you ask me.","The man Oates is coming very near to breaking the rules, if you ask me.","To sail close to the wind means to act at the very edge of what is acceptable, the suspicion about Oates.","The man Oates is staying very far from breaking the rules, if you ask me.","To sail close to the wind means being near the limit, but the sentence describes cautious distance from it."
same difference,"With a beard, without a beard, same difference.","With a beard, without a beard, it amounts to the same thing.",Same difference means the distinction makes no practical difference.,"With a beard, without a beard, it amounts to something entirely different.","Same difference means no real distinction, but the sentence insists on one."
save someone's bacon,She didn't see any way she could graciously say no after Nelson had just saved her bacon.,She didn't see any way she could graciously say no after Nelson had just rescued her from trouble.,"To save someone's bacon means to rescue them from difficulty, creating the obligation.",She didn't see any way she could graciously say no after Nelson had just landed her in trouble.,"The idiom means rescuing someone, but the sentence describes causing them harm, which creates no obligation."
save someone's skin,But the traditional banana-producing countries are banding together to save their skins.,But the traditional banana-producing countries are banding together to save themselves from ruin.,"To save someone's skin means to rescue them from serious trouble, the purpose of banding together.",But the traditional banana-producing countries are banding together to bring ruin on themselves.,"To save your skin means escaping trouble, but the sentence describes courting disaster."
save the day,Instead the day was saved by some unexpectedly strong finishing.,Instead disaster was averted by some unexpectedly strong finishing.,"To save the day means to rescue a situation that was going badly, which the finishing achieved.",Instead disaster was ensured by some unexpectedly strong finishing.,"To save the day means averting disaster, but the sentence describes causing it."
saved by the bell,"'Saved by the bell, I think,' he murmured wryly.","'Rescued at the last possible moment, I think,' he murmured wryly.",Saved by the bell means being rescued from difficulty just in time.,"'Doomed well before the end, I think,' he murmured wryly.","The idiom means a last-moment rescue, but the sentence describes inevitable failure."
scarlet woman,In your mind I was a scarlet woman and could be nothing else.,In your mind I was a woman of notorious immorality and could be nothing else.,"A scarlet woman means a woman considered sexually disreputable, the judgement being resented.",In your mind I was a woman of unimpeachable virtue and could be nothing else.,"A scarlet woman means one judged immoral, but the sentence describes a spotless reputation, which would not be resented."
scratch the surface,"So far, research into psychoneuroimmunology has done no more than scratch the surface of this topic.","So far, research into psychoneuroimmunology has done no more than examine it superficially.","To scratch the surface means to deal with only the most superficial part of something, the state of the research.","So far, research into psychoneuroimmunology has done no more than exhaust it completely.","To scratch the surface means barely beginning, but the sentence describes total coverage, which 'no more than' contradicts."
scream blue murder,His bus turned into an Inter-City express without brakes and he sat on top and screamed blue murder.,His bus turned into an Inter-City express without brakes and he sat on top and shouted in terror.,"To scream blue murder means to cry out loudly in alarm, the response to the runaway bus.",His bus turned into an Inter-City express without brakes and he sat on top and murmured contentedly.,"To scream blue murder means crying out in alarm, but the sentence describes calm contentment."
seal of approval,Much of this is conditional on an IMF seal of approval.,Much of this is conditional on formal IMF endorsement.,"A seal of approval means official endorsement, which the IMF must give.",Much of this is conditional on formal IMF condemnation.,"A seal of approval means endorsement, but the sentence requires disapproval instead."
second childhood,Lilian was in her second childhood and Harriet was expecting her second child.,Lilian had reverted to childlike behaviour in old age and Harriet was expecting her second child.,A second childhood means a return to childlike behaviour in old age.,Lilian was living through her first years of infancy and Harriet was expecting her second child.,"A second childhood means old age resembling childhood, but the sentence describes actual infancy."
second nature,All this kidology comes second nature to two men immersed in football all their lives.,All this kidology comes effortlessly and automatically to two men immersed in football all their lives.,"Second nature means something done so habitually it requires no thought, the result of lifelong immersion.",All this kidology comes with painful difficulty to two men immersed in football all their lives.,"Second nature means doing something effortlessly, but the sentence describes struggle, which lifelong immersion would not produce."
see a man about a dog,Now we're off to see a man about his dogs.,Now we're off on an errand we would rather not explain.,To see a man about a dog is a vague excuse used to avoid explaining where you are going.,Now we're off on an errand we will describe in full detail.,"The phrase means avoiding explanation, but the sentence promises a full account."
see eye to eye,And if he didn't do that she couldn't possibly see how they would ever see eye to eye.,And if he didn't do that she couldn't possibly see how they would ever agree with each other.,"To see eye to eye means to be in agreement, which she doubted could happen.",And if he didn't do that she couldn't possibly see how they would ever disagree with each other.,"To see eye to eye means agreeing, but the sentence describes disagreement, reversing her doubt."
see red,She sees red and kills him with a very convenient weapon.,She becomes suddenly enraged and kills him with a very convenient weapon.,"To see red means to become abruptly and violently angry, which precipitates the killing.",She becomes suddenly serene and kills him with a very convenient weapon.,"To see red means becoming enraged, but the sentence describes calm, which sits oddly with the killing."
see stars,I'd see a lot more stars when Carmen hit me over the head with it.,I'd see flashes of light from the blow when Carmen hit me over the head with it.,To see stars means to experience flashes of light after a blow to the head.,I'd see the night sky through the roof when Carmen hit me over the head with it.,"The idiom means seeing flashes from a blow, but the sentence describes actual astronomy."
see the light of day,"If you don't, you will never see the light of day in print.","If you don't, your work will never be published at all.","To see the light of day means to become public or be published, which failure would prevent.","If you don't, your work will be published very widely indeed.","To see the light of day means being published, but the sentence promises publication as the consequence of failing."
seen better days,"Hannah smiled, pulled out a stool (which had seen better days) and began to play.","Hannah smiled, pulled out a stool (which was worn and past its best) and began to play.","To have seen better days means to be old and worn compared to before, describing the stool.","Hannah smiled, pulled out a stool (which was pristine and brand new) and began to play.","Seen better days means being worn out, but the sentence describes it as new."
sell like hot cakes,Cards depicting Santa in horribly compromising positions are selling like hot cakes.,Cards depicting Santa in horribly compromising positions are selling extremely quickly.,"To sell like hot cakes means to sell in great numbers very fast, describing the cards.",Cards depicting Santa in horribly compromising positions are selling barely at all.,"To sell like hot cakes means selling rapidly, but the sentence describes poor sales."
sell your soul,When was the last time you would have sold your soul for a stick of celery?,When was the last time you would have sacrificed anything at all for a stick of celery?,"To sell your soul means to give up your principles for something you want badly, exaggerated here for celery.",When was the last time you would have refused to give up anything for a stick of celery?,"To sell your soul means sacrificing your principles, but the sentence describes refusing to give anything up."
send someone packing,"Otherwise I would surely have sent you packing, wouldn't I?","Otherwise I would surely have dismissed you abruptly, wouldn't I?","To send someone packing means to send them away without ceremony, the alternative outcome.","Otherwise I would surely have welcomed you warmly, wouldn't I?","To send someone packing means dismissing them, but the sentence describes a warm reception."
separate the wheat from the chaff,This gives the courts a useful power to separate the wheat from the chaff among the pending cases.,This gives the courts a useful power to distinguish the valuable from the worthless among the pending cases.,To separate the wheat from the chaff means to sort what is worth keeping from what is not.,This gives the courts a useful power to treat the valuable and the worthless identically among the pending cases.,"The idiom means distinguishing good from bad, but the sentence describes treating them the same, which is not a useful power."
serve someone right,"Well, it would serve them right for treating her like a baby.","Well, it would be a deserved punishment for treating her like a baby.","To serve someone right means that a misfortune is deserved, the judgement on their behaviour.","Well, it would be an undeserved cruelty for treating her like a baby.","Serve someone right means a deserved consequence, but the sentence calls it unjust."
set eyes on,I'm making him wish he never set eyes on me.,I'm making him wish he never first saw me.,"To set eyes on someone means to see them, here in the sense of a first encounter regretted.",I'm making him wish he never stopped seeing me.,"To set eyes on someone means seeing them, but the sentence reverses it into regretting a separation."
set the wheels in motion,"'I'll set wheels in motion,' he promised.","'I'll get the process started,' he promised.","To set the wheels in motion means to begin a process, which is what he undertakes to do.","'I'll bring the process to a halt,' he promised.","To set the wheels in motion means starting something, but the sentence describes stopping it."
set your sights on,Sofa Head's greatest asset is the realisation that you don't have to set your sights on one target.,Sofa Head's greatest asset is the realisation that you don't have to fix your ambition on one target.,"To set your sights on something means to make it your definite aim, which they need not restrict to one.",Sofa Head's greatest asset is the realisation that you don't have to lose interest in one target.,"To set your sights on something means aiming at it, but the sentence reverses it into losing interest."
settle a score,When I saw him in the doorway I thought he'd come to settle that score.,When I saw him in the doorway I thought he'd come to take revenge for the old grievance.,"To settle a score means to get even for a past wrong, the suspected purpose of his visit.",When I saw him in the doorway I thought he'd come to forgive the old grievance.,"To settle a score means taking revenge, but the sentence describes forgiveness."
shake a leg,The business of the audition is squeezed into all this in less time than it takes to shake a leg.,The business of the audition is squeezed into all this in less time than it takes to move quickly.,"To shake a leg means to hurry up, used here as a measure of brevity.",The business of the audition is squeezed into all this in less time than it takes to dawdle at length.,"The idiom means hurrying, but the sentence substitutes slowness, which ruins the comparison."
she'll be right,You settle her down now and she'll be right in the morning.,You settle her down now and she'll be perfectly fine in the morning.,She'll be right means everything will turn out satisfactorily.,You settle her down now and she'll be seriously unwell in the morning.,"The phrase means things will be fine, but the sentence predicts illness."
shoot the bull,The old men like to meet on the street corner just to shoot the bull.,The old men like to meet on the street corner just to chat idly.,"To shoot the bull means to talk casually about nothing in particular, the purpose of the meetings.",The old men like to meet on the street corner just to conduct urgent business.,"To shoot the bull means idle chat, but the sentence describes serious business."
short shrift,Short shrift was given to the argument that the Minister could escape control by not giving reasons.,Brief and dismissive treatment was given to the argument that the Minister could escape control by not giving reasons.,"Short shrift means curt dismissal without serious consideration, the argument's reception.",Long and sympathetic consideration was given to the argument that the Minister could escape control by not giving reasons.,"Short shrift means brisk dismissal, but the sentence describes careful attention."
show someone the door,NFC's caring approach makes it more reluctant than most companies to show employees the door.,NFC's caring approach makes it more reluctant than most companies to dismiss employees.,"To show someone the door means to dismiss them, which the caring approach discourages.",NFC's caring approach makes it more reluctant than most companies to promote employees.,"To show someone the door means dismissing them, but the sentence substitutes advancement, which a caring approach would not resist."
sick and tired,"And I'll tell you summat, I'm getting sick and tired of it.","And I'll tell you summat, I'm getting thoroughly fed up with it.","Sick and tired means weary and exasperated with something, the speaker's growing feeling.","And I'll tell you summat, I'm getting thoroughly delighted with it.","Sick and tired means being fed up, but the sentence describes growing enjoyment."
sick as a parrot,"I'm sick as a parrot not to be standing, said Nigel.","I'm bitterly disappointed not to be standing, said Nigel.",Sick as a parrot means deeply disappointed.,"I'm thoroughly delighted not to be standing, said Nigel.","The idiom means being disappointed, but the sentence describes pleasure."
sing the praises of,He contemplated with relish large retinues of clients singing the praises of their patrons.,He contemplated with relish large retinues of clients loudly commending their patrons.,"To sing someone's praises means to speak highly of them, the clients' role.",He contemplated with relish large retinues of clients loudly denouncing their patrons.,"To sing someone's praises means commending them, but the sentence describes condemnation."
sitting pretty,"The motel ridge, made of fortress rock, sits pretty on the edge of the mire.","The motel ridge, made of fortress rock, sits in an enviably secure position on the edge of the mire.","Sitting pretty means being in a comfortable and advantageous position, matching the fortress rock.","The motel ridge, made of fortress rock, sits in a dangerously precarious position on the edge of the mire.","Sitting pretty means being secure, but the sentence describes peril, which fortress rock contradicts."
six feet under,"Saul could have reported us, but now he's six feet under, so we're safe.","Saul could have reported us, but now he's dead and buried, so we're safe.","Six feet under means dead and buried, which is why they are safe.","Saul could have reported us, but now he's alive and well, so we're safe.","The idiom means being dead, but the sentence describes him living, which would not make them safe."
sleep rough,As a result we have seen a sharp fall in the numbers who sleep rough on our streets.,As a result we have seen a sharp fall in the numbers who sleep outdoors without shelter on our streets.,"To sleep rough means to sleep outside without proper accommodation, the condition being reduced.",As a result we have seen a sharp fall in the numbers who sleep in comfortable housing on our streets.,"To sleep rough means sleeping without shelter, but the sentence describes comfortable accommodation."
sleight of hand,"I planned to switch them when we got here — just sleight of hand, you know.","I planned to switch them when we got here — just quick concealed trickery, you know.","Sleight of hand means skilful deception performed by quick movements, the method planned.","I planned to switch them when we got here — just slow open exchange, you know.","Sleight of hand means concealed dexterity, but the sentence describes an obvious visible swap."
slip of the tongue,"Much of the humour derives from slips of the tongue, an occupational hazard.","Much of the humour derives from unintended verbal mistakes, an occupational hazard.","A slip of the tongue means an accidental error in speech, the source of the humour.","Much of the humour derives from carefully rehearsed statements, an occupational hazard.","A slip of the tongue means an accidental error, but the sentence describes deliberate preparation, which is no hazard."
smell blood,"Everywhere he went he smelled fresh blood, and was exhilarated.","Everywhere he went he sensed an opponent's weakness, and was exhilarated.","To smell blood means to detect an opportunity created by another's vulnerability, which exhilarated him.","Everywhere he went he sensed an opponent's strength, and was exhilarated.","To smell blood means sensing weakness to exploit, but the sentence describes detecting strength."
snug as a bug in a rug,"You're as snug as a bug in a rug here, Myles.","You're extremely warm and comfortable here, Myles.","Snug as a bug in a rug means being very cosy and comfortable, the reassurance offered.","You're extremely cold and exposed here, Myles.","Snug as a bug in a rug means being cosy, but the sentence describes discomfort."
something nasty in the woodshed,It introduced to the language the phrase about something nasty in the woodshed.,It introduced to the language the phrase about a shocking secret from the past.,The phrase refers to a disturbing hidden episode in someone's history.,It introduced to the language the phrase about an entirely wholesome memory.,"The phrase refers to a dark secret, but the sentence describes a pleasant recollection."
song and dance,"This theme has a curious persistence, but one does not need a song and dance about it.","This theme has a curious persistence, but one does not need a great fuss about it.","To make a song and dance means to create unnecessary fuss, which is said to be unwarranted here.","This theme has a curious persistence, but one does not need complete silence about it.","A song and dance means excessive fuss, but the sentence describes saying nothing at all."
sour grapes,"Greenslade was dismissed from his Mirror post after barely a year, but denies any trace of sour grapes.","Greenslade was dismissed from his Mirror post after barely a year, but denies any trace of resentment at what he lost.","Sour grapes means disparaging something because you failed to get it, the accusation he denies.","Greenslade was dismissed from his Mirror post after barely a year, but denies any trace of admiration for what he lost.","Sour grapes means bitterness about a loss, but the sentence substitutes admiration, which needs no denial."
spare someone's blushes,He is modest in his appetites and (sparing your blushes) somewhat attenuated in his sexuality.,He is modest in his appetites and (avoiding embarrassing you) somewhat attenuated in his sexuality.,To spare someone's blushes means to avoid saying what would embarrass them.,He is modest in his appetites and (deliberately embarrassing you) somewhat attenuated in his sexuality.,"The idiom means avoiding embarrassment, but the sentence describes causing it."
spare the rod and spoil the child,"Indeed, the old adage spare the rod and spoil the child has much wisdom.","Indeed, the old adage that withholding punishment ruins a child has much wisdom.",The saying holds that failing to discipline a child harms them.,"Indeed, the old adage that applying punishment ruins a child has much wisdom.","The saying blames a lack of discipline, but the sentence blames discipline itself."
speak of the devil,"Speak of the devil, said Karen.","The very person we were discussing has appeared, said Karen.",Speak of the devil is said when someone arrives just as they are mentioned.,"The very person we were carefully avoiding mentioning has appeared, said Karen.","The phrase marks someone appearing after being discussed, but the sentence says they were never mentioned."
speak volumes,Their very names speak volumes for the unity which the Spirit creates.,Their very names reveal a great deal about the unity which the Spirit creates.,"To speak volumes means to be highly revealing without explicit statement, the effect of the names.",Their very names reveal nothing whatever about the unity which the Spirit creates.,"To speak volumes means being highly revealing, but the sentence describes them showing nothing."
speak your mind,"In slang used at the time, to open your budget meant to speak your mind.","In slang used at the time, to open your budget meant to say frankly what you thought.","To speak your mind means to state your opinions openly, the meaning of the old slang.","In slang used at the time, to open your budget meant to conceal what you thought.","To speak your mind means stating opinions openly, but the sentence describes hiding them."
spill the beans,"She might just decide to kill you, in case you spill the beans.","She might just decide to kill you, in case you reveal the secret.","To spill the beans means to disclose confidential information, the risk that motivates the threat.","She might just decide to kill you, in case you guard the secret.","To spill the beans means revealing a secret, but the sentence describes keeping it, which would remove the motive."
spit it out,"You're wondering something, boy, cough it up, spit it out, expel it.","You're wondering something, boy, cough it up, say it at once, expel it.",To spit it out means to say what you are hesitating to say.,"You're wondering something, boy, cough it up, keep it to yourself, expel it.","The idiom urges speaking, but the sentence urges silence, which the surrounding commands contradict."
spit the dummy,The anti-Dickson camp chortled for hours about how the boy spat the dummy.,The anti-Dickson camp chortled for hours about how the boy threw a petulant tantrum.,To spit the dummy means to react with childish bad temper.,The anti-Dickson camp chortled for hours about how the boy responded with mature composure.,"The idiom means a petulant outburst, but the sentence describes composure, which would not amuse opponents."
split hairs,"This is turning into one of those mediaeval disputes which split hairs endlessly, he said.","This is turning into one of those mediaeval disputes which quibble over trivial distinctions endlessly, he said.",To split hairs means to argue over insignificant differences.,"This is turning into one of those mediaeval disputes which settle major questions endlessly, he said.","The idiom means quibbling over trivia, but the sentence describes weighty matters."
spot on,"Spot on Otto, but it's even worse than you think.","Exactly right Otto, but it's even worse than you think.","Spot on means completely accurate, the verdict on Otto's assessment.","Completely mistaken Otto, but it's even worse than you think.","Spot on means being exactly right, but the sentence calls Otto wrong."
spread yourself too thin,"If one tries to help every industry, you spread yourself too thin, says Fields.","If one tries to help every industry, you take on more than you can do properly, says Fields.",To spread yourself too thin means to attempt so much that nothing is done well.,"If one tries to help every industry, you concentrate your effort narrowly, says Fields.","The idiom means overextending, but the sentence describes focus, which helping every industry contradicts."
spring to mind,Geographically based organisations such as retail businesses readily spring to mind.,Geographically based organisations such as retail businesses readily come to mind at once.,"To spring to mind means to occur to someone immediately, which those examples do.",Geographically based organisations such as retail businesses readily escape notice entirely.,"To spring to mind means occurring readily, but the sentence describes being overlooked."
square the circle,That's in a way how you can perhaps square the circle.,That's in a way how you can perhaps reconcile two irreconcilable demands.,To square the circle means to achieve something apparently impossible by reconciling opposites.,That's in a way how you can perhaps abandon two irreconcilable demands.,"To square the circle means reconciling opposites, but the sentence describes giving up on them."
squeaky clean,"The market has since done much to polish up its self-regulation, though it is still far from squeaky-clean.","The market has since done much to polish up its self-regulation, though it is still far from beyond reproach.","Squeaky clean means entirely free of any wrongdoing, a standard the market has not reached.","The market has since done much to polish up its self-regulation, though it is still far from thoroughly corrupt.","Squeaky clean means beyond reproach, but the sentence measures distance from corruption instead, reversing the assessment."
stake a claim,British Governments staked their claim to disputed areas by formalizing imperial control.,British Governments asserted their right to disputed areas by formalizing imperial control.,"To stake a claim means to assert a right to something, which formalising control achieved.",British Governments surrendered their right to disputed areas by formalizing imperial control.,"To stake a claim means asserting a right, but the sentence describes giving it up."
stand on ceremony,"I don't believe in standing on ceremony, the Collector congratulated himself piously.","I don't believe in insisting on formal etiquette, the Collector congratulated himself piously.","To stand on ceremony means to insist on formal politeness, which the Collector claims to reject.","I don't believe in dispensing with formal etiquette, the Collector congratulated himself piously.","To stand on ceremony means insisting on formality, but the sentence has him rejecting informality instead."
stand someone in good stead,If you develop good habits they will stand you in good stead in your business career.,If you develop good habits they will serve you well in your business career.,"To stand someone in good stead means to be of lasting benefit to them, the reward for good habits.",If you develop good habits they will hinder you badly in your business career.,"To stand in good stead means being beneficial, but the sentence describes harm."
stand up and be counted,We really need more help from you good men to stand up and be counted!,We really need more help from you good men to declare your position publicly!,"To stand up and be counted means to make your support openly known, the appeal being made.",We really need more help from you good men to conceal your position entirely!,"To stand up and be counted means declaring openly, but the sentence asks for concealment."
start off on the right foot,Especially when you're starting off on the right foot like you and Marilyn.,Especially when you're making a good beginning like you and Marilyn.,"To start off on the right foot means to begin well, describing their promising start.",Especially when you're making a disastrous beginning like you and Marilyn.,"To start on the right foot means beginning well, but the sentence describes a bad start."
start off on the wrong foot,"Many women, through no fault of their own, appear to start off on the wrong foot.","Many women, through no fault of their own, appear to make a bad beginning.","To start off on the wrong foot means to begin badly, the disadvantage described.","Many women, through no fault of their own, appear to make an excellent beginning.","The idiom means beginning badly, but the sentence describes a strong start, which would need no excusing."
state of the art,Maximum use of state-of-the-art technology in place of costly and often error-prone personnel.,Maximum use of the most advanced available technology in place of costly and often error-prone personnel.,"State of the art means the most advanced currently available, describing the technology.",Maximum use of thoroughly obsolete technology in place of costly and often error-prone personnel.,"State of the art means the most advanced, but the sentence describes outdated equipment."
stay the course,"Some lovers split after three days, some stay the course until they die.","Some lovers split after three days, some persist to the very end until they die.","To stay the course means to continue to the finish despite difficulty, contrasted with those who split early.","Some lovers split after three days, some give up early until they die.","To stay the course means persisting to the end, but the sentence describes quitting, which removes the contrast."
steal someone's thunder,"Do you know we're actually, in some cases we're actually stealing their thunder.","Do you know we're actually, in some cases we're actually taking the credit they expected.",To steal someone's thunder means to take the attention or credit they anticipated.,"Do you know we're actually, in some cases we're actually giving them extra credit.","To steal someone's thunder means taking their credit, but the sentence describes granting them more."
steer clear of,"On a first date, it's best to steer clear of touchy subjects.","On a first date, it's best to avoid entirely touchy subjects.","To steer clear of something means to keep well away from it, the advice about sensitive topics.","On a first date, it's best to pursue at length touchy subjects.","To steer clear of something means avoiding it, but the sentence recommends dwelling on it."
step on someone's toes,"'The truth is, I've simply been trying not to step on Merry's toes.","'The truth is, I've simply been trying not to encroach on Merry's territory.","To step on someone's toes means to intrude on their responsibilities, which the speaker has avoided.","'The truth is, I've simply been trying not to keep well clear of Merry's territory.","To step on someone's toes means intruding, but the sentence has them avoiding avoidance, reversing the sense."
stick out like a sore thumb,"You stick out like a sore thumb in that ghastly uniform, Charles.","You are conspicuously out of place in that ghastly uniform, Charles.","To stick out like a sore thumb means to be glaringly obvious and out of place, the effect of the uniform.","You blend in completely unnoticed in that ghastly uniform, Charles.","To stick out like a sore thumb means being conspicuous, but the sentence describes going unnoticed."
stick your neck out,You don't have to stick your neck out in meetings.,You don't have to take a risky public stand in meetings.,"To stick your neck out means to expose yourself to risk by speaking up, which is not required.",You don't have to stay entirely safe and silent in meetings.,"To stick your neck out means taking a risk, but the sentence reverses it into avoiding one."
still waters run deep,"Rapids might look more exciting, but still waters run deep, Jeff used to say.","Rapids might look more exciting, but quiet people often have hidden depths, Jeff used to say.",The saying means a calm exterior may conceal strong feeling or thought.,"Rapids might look more exciting, but quiet people are entirely shallow, Jeff used to say.","The saying means calm people have hidden depth, but the sentence denies any depth."
stop at nothing,Would she stop at nothing to please her toy boy?,Would she go to any lengths whatever to please her toy boy?,"To stop at nothing means to be willing to do anything however extreme, the question raised about her.",Would she refuse to do even the smallest thing to please her toy boy?,"To stop at nothing means doing anything necessary, but the sentence describes refusing to act at all."
straight from the horse's mouth,They'll use the information happy in the knowledge that it's coming straight from the horse's mouth.,They'll use the information happy in the knowledge that it's coming directly from the original source.,Straight from the horse's mouth means obtained from the most authoritative source.,They'll use the information happy in the knowledge that it's coming through unreliable hearsay.,"The idiom means coming from the original source, but the sentence describes rumour, which would not make anyone happy."
straight from the shoulder,Sometimes he spoke straight from the shoulder and sometimes in puzzles and parables.,Sometimes he spoke bluntly and directly and sometimes in puzzles and parables.,"Straight from the shoulder means speaking frankly without evasion, contrasted with riddles.",Sometimes he spoke evasively and obliquely and sometimes in puzzles and parables.,"Straight from the shoulder means speaking directly, but the sentence describes indirection, which removes the contrast."
strain at the leash,"The shuttle stopped, trembling, as if straining at a leash.","The shuttle stopped, trembling, as if impatient to be released.","To strain at the leash means to be eager to start and held back, matching the trembling.","The shuttle stopped, trembling, as if content to remain still.","The idiom means straining to be released, but the sentence describes willing stillness."
strain every nerve,Vincent strained every nerve to turn himself into a draughtsman acceptable to the illustrated papers.,Vincent made every possible effort to turn himself into a draughtsman acceptable to the illustrated papers.,To strain every nerve means to exert yourself to the utmost.,Vincent made almost no effort to turn himself into a draughtsman acceptable to the illustrated papers.,"The idiom means maximum exertion, but the sentence describes minimal effort."
streets ahead,The bottom line has the Legacy streets ahead of the old GL.,The bottom line has the Legacy vastly superior to the old GL.,"Streets ahead means far better than something else, the verdict on the Legacy.",The bottom line has the Legacy marginally worse than the old GL.,"Streets ahead means far superior, but the sentence rates it below the alternative."
strike a chord,But the picking up strikes a chord and going through the motions always works.,But the picking up resonates with people and going through the motions always works.,"To strike a chord means to produce a sympathetic response in others, the effect described.",But the picking up leaves people wholly cold and going through the motions always works.,"To strike a chord means resonating with people, but the sentence describes no response at all."
strike while the iron is hot,"Maybe he would even mount a punitive expedition tonight, striking while the iron was hot.","Maybe he would even mount a punitive expedition tonight, acting while the opportunity lasted.","To strike while the iron is hot means to act promptly while conditions favour you, hence tonight.","Maybe he would even mount a punitive expedition tonight, waiting until the opportunity had passed.","The idiom means acting promptly, but the sentence describes delaying past the moment."
stroke of luck,Fortunately Johnny was still there — a stroke of luck considering that the pubs were open.,Fortunately Johnny was still there — a piece of good fortune considering that the pubs were open.,"A stroke of luck means a fortunate chance occurrence, which Johnny's presence was.",Fortunately Johnny was still there — a piece of grim misfortune considering that the pubs were open.,"A stroke of luck means good fortune, but the sentence calls it a misfortune, conflicting with 'fortunately'."
stubborn as a mule,I'm as stubborn as a mule.,I'm extremely obstinate and immovable.,Stubborn as a mule means being very hard to persuade.,I'm extremely easily persuaded.,"The idiom means being obstinate, but the sentence describes compliance."
sure as eggs is eggs,"'Sure as eggs is eggs,' she answered in her unashamedly yokel voice.","'As certain as anything can possibly be,' she answered in her unashamedly yokel voice.","Sure as eggs is eggs means something is absolutely certain, the force of her reply.","'As doubtful as anything can possibly be,' she answered in her unashamedly yokel voice.","The idiom means absolute certainty, but the sentence expresses doubt."
swear like a trooper,"Throwing on a dressing-gown and swearing like a trooper, you stumble to answer it.","Throwing on a dressing-gown and cursing profusely, you stumble to answer it.","To swear like a trooper means to use bad language freely, describing the irritated stumble to the door.","Throwing on a dressing-gown and speaking with perfect politeness, you stumble to answer it.","To swear like a trooper means cursing freely, but the sentence describes courteous speech."
sweat blood,If I had to sweat blood it would be done.,If I had to work with agonising effort it would be done.,"To sweat blood means to make an extremely painful effort, the commitment being expressed.",If I had to work with no effort at all it would be done.,"To sweat blood means straining enormously, but the sentence describes effortlessness, which weakens the vow."
sweat like a pig,Makes you sweat like a pig.,Makes you perspire extremely heavily.,To sweat like a pig means to perspire profusely.,Makes you remain completely dry.,"The idiom means sweating heavily, but the sentence describes staying dry."
sweep the board,"Once again the Donaghadee lads swept the boards, landing the top two places overall.","Once again the Donaghadee lads won everything available, landing the top two places overall.","To sweep the board means to win all the prizes, consistent with taking the top two places.","Once again the Donaghadee lads won nothing at all, landing the top two places overall.","To sweep the board means winning everything, but the sentence claims no wins, contradicting the placings."
sweetness and light,It's all sweetness and light here at BBC Good Food.,It's all pleasantness and harmony here at BBC Good Food.,"Sweetness and light means an atmosphere of complete amiability, the claim about the workplace.",It's all bitterness and conflict here at BBC Good Food.,"Sweetness and light means harmony, but the sentence describes discord."
swim against the tide,"There's no point in you trying to swim against the tide now, is there?","There's no point in you trying to resist the prevailing direction now, is there?","To swim against the tide means to go against the general trend, which is said to be futile.","There's no point in you trying to follow the prevailing direction now, is there?","To swim against the tide means resisting the trend, but the sentence describes going along with it."
swing the lead,"Also, a clean face and no swinging the lead or nicking wallets.","Also, a clean face and no shirking your duties or nicking wallets.",To swing the lead means to avoid work by making excuses.,"Also, a clean face and no working diligently or nicking wallets.","The idiom means shirking, but the sentence prohibits hard work, which makes no sense as a rule."
swings and roundabouts,But life with Thomas isn't just a merry-go-round it can be swings and roundabouts.,But life with Thomas isn't just a merry-go-round it can be gains offset by equal losses.,Swings and roundabouts means advantages in one area balanced by disadvantages in another.,But life with Thomas isn't just a merry-go-round it can be pure unbroken gain.,"Swings and roundabouts means gains balanced by losses, but the sentence describes only benefit."
take a back seat,Human rights need not take a back seat to doing business with China.,Human rights need not be given lower priority than doing business with China.,"To take a back seat means to occupy a less important position, which rights need not do.",Human rights need not be given higher priority than doing business with China.,"To take a back seat means being subordinated, but the sentence reverses the priority."
take a bath,"Food manufacturers, already wobbly after Tuesday's report, took another bath at this blow to profits.","Food manufacturers, already wobbly after Tuesday's report, suffered another heavy financial loss at this blow to profits.",To take a bath means to lose a great deal of money.,"Food manufacturers, already wobbly after Tuesday's report, enjoyed another large financial gain at this blow to profits.","The idiom means losing money, but the sentence describes a gain, which a blow to profits contradicts."
take a bow,The music ended and the girl took a bow and disappeared behind some plastic curtains.,The music ended and the girl accepted the applause and disappeared behind some plastic curtains.,"To take a bow means to acknowledge applause after a performance, which the girl did.",The music ended and the girl fled the applause and disappeared behind some plastic curtains.,"To take a bow means accepting applause, but the sentence describes avoiding it."
take a dim view of,As a keen amateur astronomer I take a dim view of being mistaken for a fortune teller!,As a keen amateur astronomer I strongly disapprove of being mistaken for a fortune teller!,"To take a dim view of something means to disapprove of it, punned here on astronomical dimness.",As a keen amateur astronomer I warmly welcome being mistaken for a fortune teller!,"To take a dim view means disapproving, but the sentence describes enthusiasm, which the exclamation contradicts."
take a dive,But advertising is itself extremely volatile and profits could take a dive as easily as they could soar.,But advertising is itself extremely volatile and profits could fall sharply as easily as they could soar.,"To take a dive means to drop suddenly, the counterpart to soaring in a volatile market.",But advertising is itself extremely volatile and profits could hold perfectly steady as easily as they could soar.,"To take a dive means falling sharply, but the sentence describes stability, which is not volatile."
take a hike,"Systems topple, statues walk, long-serving political incumbents take a hike in a huge global shake-up.","Systems topple, statues walk, long-serving political incumbents are forced out in a huge global shake-up.","To take a hike means to be made to leave, fitting the list of upheavals.","Systems topple, statues walk, long-serving political incumbents are firmly entrenched in a huge global shake-up.","The idiom means being forced out, but the sentence describes them staying secure, which no shake-up would produce."
take a leaf out of someone's book,Maybe they should take a leaf out of horse racing's book and introduce starting stalls.,Maybe they should follow horse racing's example and introduce starting stalls.,To take a leaf out of someone's book means to copy their successful practice.,Maybe they should reject horse racing's example and introduce starting stalls.,"The idiom means imitating someone, but the sentence describes rejecting the model while adopting it."
take it easy,Just about the time when a nome ought to be taking it easy.,Just about the time when a nome ought to be resting and relaxing.,"To take it easy means to rest rather than exert yourself, the expectation for that stage of life.",Just about the time when a nome ought to be labouring at full stretch.,"To take it easy means resting, but the sentence describes hard exertion."
take it or leave it,"'Take it or leave it!' he said, shrugging his shoulders and turning his back.","'Accept my offer as it stands or refuse it!' he said, shrugging his shoulders and turning his back.","Take it or leave it means an offer will not be negotiated further, matching the shrug and turned back.","'Let us negotiate the terms at length!' he said, shrugging his shoulders and turning his back.","Take it or leave it refuses negotiation, but the sentence invites it, which the dismissive gesture contradicts."
take someone to task,We shall be taken to task if we disregard foliar feeding.,We shall be sharply criticised if we disregard foliar feeding.,"To take someone to task means to reprimand them, the anticipated consequence of neglect.",We shall be warmly congratulated if we disregard foliar feeding.,"To take someone to task means reprimanding them, but the sentence describes praise for the same neglect."
take someone to the cleaners,"After a shaky start, we took them to the cleaners.","After a shaky start, we defeated them comprehensively.","To take someone to the cleaners means to beat or fleece them thoroughly, the turnaround described.","After a shaky start, we lost to them comprehensively.","The idiom means defeating someone thoroughly, but the sentence describes being beaten."
take someone's word for it,But you'll just have to take my word for it.,But you'll just have to accept my assurance without proof.,"To take someone's word for it means to believe them without evidence, what the listener must do.",But you'll just have to demand full documentary proof from me.,"The idiom means accepting without proof, but the sentence requires evidence."
take something as read,Some things are taken as read and they're not actually said.,Some things are assumed without needing to be stated and they're not actually said.,"To take something as read means to treat it as understood without stating it, which the sentence then confirms.",Some things are explicitly spelled out at length and they're not actually said.,"The idiom means assuming something unstated, but the sentence describes full articulation, contradicting what follows."
take stock,If you are in this position it is important to take stock of what you have taken on.,If you are in this position it is important to review carefully what you have taken on.,"To take stock means to assess your situation deliberately, the advice for that position.",If you are in this position it is important to ignore completely what you have taken on.,"To take stock means reviewing your situation, but the sentence advises disregarding it."
take the biscuit,"Have heard many stories of people running into old school friends, but this one takes the biscuit.","Have heard many stories of people running into old school friends, but this one is the most extraordinary of all.",To take the biscuit means to be the most remarkable or outrageous example.,"Have heard many stories of people running into old school friends, but this one is the dullest of all.","The idiom means being the most striking example, but the sentence calls it the least."
take the bull by the horns,"Sarah hesitated, then seemed to decide to take the bull by the horns.","Sarah hesitated, then seemed to decide to confront the difficulty head on.","To take the bull by the horns means to tackle a problem directly, the decision after hesitating.","Sarah hesitated, then seemed to decide to avoid the difficulty entirely.","The idiom means confronting a difficulty, but the sentence describes evasion, which the hesitation already covered."
take the floor,"I think he plans to kill us all with boredom, d'Alembord told Lucille as they took the floor.","I think he plans to kill us all with boredom, d'Alembord told Lucille as they began to dance.",To take the floor means to step out to dance.,"I think he plans to kill us all with boredom, d'Alembord told Lucille as they left the room.","To take the floor means starting to dance, but the sentence describes departing."
take the gilt off the gingerbread,That took the gilt off the gingerbread and the Daimler bumpers.,That removed the appealing shine from the occasion and the Daimler bumpers.,The idiom means stripping away what made something attractive.,That added extra appealing shine to the occasion and the Daimler bumpers.,"The idiom means removing the appeal, but the sentence describes enhancing it."
take the liberty,"In reply, I take the liberty of raising the question whether we have really become more moral.","In reply, I presume without invitation to raise the question whether we have really become more moral.","To take the liberty means to act without waiting for permission, a polite acknowledgement of presumption.","In reply, I am formally invited to raise the question whether we have really become more moral.","To take the liberty means acting uninvited, but the sentence describes having been asked."
take the mickey,They'd take the mickey out of him at school for that.,They'd mock and tease him at school for that.,"To take the mickey means to ridicule someone, the treatment expected at school.",They'd earnestly admire him at school for that.,"To take the mickey means mocking someone, but the sentence describes admiration."
take the rough with the smooth,I needed them as much as they needed me and I happily took the rough with the smooth.,I needed them as much as they needed me and I happily accepted the bad along with the good.,"The idiom means accepting difficulties as well as benefits, describing the speaker's attitude.",I needed them as much as they needed me and I happily accepted only the good.,"The idiom means accepting bad with good, but the sentence describes taking the benefits alone."
take the wind out of someone's sails,I think she thought I had taken the wind out of Rossetti's sails ….,I think she thought I had deflated Rossetti's confidence ….,"The idiom means removing someone's momentum or self-assurance, what she suspected had happened.",I think she thought I had greatly boosted Rossetti's confidence ….,"The idiom means deflating someone, but the sentence describes encouraging them."
take to the hills,George took to the hills and went to seek solace with his younger brother.,George fled to a place of refuge and went to seek solace with his younger brother.,"To take to the hills means to flee somewhere safe, consistent with seeking solace elsewhere.",George stayed exactly where he was and went to seek solace with his younger brother.,"To take to the hills means fleeing, but the sentence describes remaining in place."
take up the gauntlet,"One of the big four supermarkets, Sainsbury's says it's happy to take up the gauntlet.","One of the big four supermarkets, Sainsbury's says it's happy to accept the challenge.","To take up the gauntlet means to accept a challenge, which Sainsbury's welcomes.","One of the big four supermarkets, Sainsbury's says it's happy to decline the challenge.","To take up the gauntlet means accepting a challenge, but the sentence describes refusing it."
talk nineteen to the dozen,"They often went on excursions, always talking away nineteen to the dozen.","They often went on excursions, always talking away extremely rapidly.","To talk nineteen to the dozen means to speak very fast and continuously, describing the excursions.","They often went on excursions, always talking away very slowly and sparsely.","The idiom means talking rapidly, but the sentence describes slow, sparse speech."
talk of the devil,Betty would have been upset to know that they had been talking of the devil.,Betty would have been upset to know that they had been discussing her just as she appeared.,Talk of the devil is said when someone arrives just as they are being discussed.,Betty would have been upset to know that they had been avoiding all mention of her.,"Talk of the devil means discussing someone who then appears, but the sentence describes never mentioning her."
talk shop,Keep all your meetings and get togethers on a light note by banning anyone talking shop.,Keep all your meetings and get togethers on a light note by banning anyone discussing work.,"To talk shop means to discuss work matters socially, which the ban prevents.",Keep all your meetings and get togethers on a light note by banning anyone discussing anything but work.,"To talk shop means discussing work, but the sentence bans everything except work, reversing the ban."
talk the talk,"If you're going to talk the talk, you've got to be prepared to walk the walk.","If you're going to make the confident claims, you've got to be prepared to walk the walk.","To talk the talk means to say the right things, contrasted with actually doing them.","If you're going to stay entirely silent, you've got to be prepared to walk the walk.","The idiom means making claims, but the sentence describes silence, which removes the contrast."
tell it like it is,But no one can blame Rush for telling it like it is.,But no one can blame Rush for stating the plain truth however unwelcome.,"To tell it like it is means to speak frankly without softening, which Rush is defended for.",But no one can blame Rush for disguising the plain truth carefully.,"The idiom means speaking frankly, but the sentence describes concealment, which would invite blame."
tell tales out of school,I don't want to tell tales out of school.,I don't want to reveal confidences to outsiders.,The idiom means disclosing private matters to those who should not hear them.,I don't want to keep confidences strictly private.,"The idiom means revealing confidences, but the sentence describes keeping them."
tempt providence,"Without wishing to tempt providence, we appear to have got away lightly as far as Winter is concerned.","Without wishing to invite bad luck by boasting, we appear to have got away lightly as far as Winter is concerned.",To tempt providence means to risk misfortune by speaking too confidently.,"Without wishing to guarantee good luck by boasting, we appear to have got away lightly as far as Winter is concerned.","The idiom means risking bad luck, but the sentence promises good fortune instead."
the ball is in someone's court,And they add that the ball is in the Bird's court.,And they add that it is now the Bird's turn to act.,The ball is in someone's court means the responsibility to respond now rests with them.,And they add that it is still entirely their own turn to act.,"The idiom means responsibility has passed to the other party, but the sentence keeps it with the speakers."
the bee's knees,"Mary is fairly plain, but Tom thinks she's the bee's knees.","Mary is fairly plain, but Tom thinks she's absolutely wonderful.","The bee's knees means something regarded as excellent, contrasted with her plainness.","Mary is fairly plain, but Tom thinks she's utterly unremarkable.","The bee's knees means thought excellent, but the sentence describes indifference, removing the contrast."
the biter bit,The role of the biter bit was clearly not one he cared for.,The role of the deceiver who is himself deceived was clearly not one he cared for.,"The biter bit describes someone caught by the trick they meant for others, a role he disliked.",The role of the deceiver who always succeeds was clearly not one he cared for.,"The biter bit means the trickster being tricked, but the sentence describes uninterrupted success."
the buck stops here,"There's no, oh the buck stops here and I can't pass it any further!","There's no, oh final responsibility rests with me and I can't pass it any further!","The buck stops here means responsibility ends with the speaker, matching the inability to pass it on.","There's no, oh responsibility belongs to someone else and I can't pass it any further!","The buck stops here means responsibility rests with the speaker, but the sentence assigns it elsewhere."
the die is cast,Now the die was cast he felt a certain calm.,Now the decision was irrevocably made he felt a certain calm.,"The die is cast means a decision has been made that cannot be undone, which brought calm.",Now the decision remained entirely open he felt a certain calm.,"The die is cast means the decision is final, but the sentence leaves it unresolved."
the grass is always greener,"This may seem insignificant as, in Britain, the grass is almost always green.","This may seem insignificant as, in Britain, what others have always looks better.",The saying means people believe others' circumstances are preferable to their own.,"This may seem insignificant as, in Britain, what others have always looks worse.","The saying means others' circumstances seem better, but the sentence reverses the comparison."
the icing on the cake,The last could be the icing on the cake couldn't it?,The last could be the final welcome addition couldn't it?,The icing on the cake means a pleasing extra on top of something already good.,The last could be the essential missing foundation couldn't it?,"The icing on the cake means a bonus addition, but the sentence makes it a necessity."
the joke is on someone,George and Alex soon realised the joke was on them.,George and Alex soon realised they were the ones being made fools of.,The joke is on someone means they are the target of the mockery they thought they were making.,George and Alex soon realised they were the ones making fools of others.,"The idiom means being the target of the joke, but the sentence puts them in the mocking role."
the plot thickens,"I mean, that really does make the plot thicken doesn't it?","I mean, that really does make the situation more intriguing and complex doesn't it?",The plot thickens means a situation is becoming more complicated and interesting.,"I mean, that really does make the situation far simpler and duller doesn't it?","The plot thickens means growing complexity, but the sentence describes simplification."
the rest is history,The rest is not so much history as anti-racist herstory.,What followed is not so much a well-known outcome as anti-racist herstory.,The rest is history means what followed is already familiar and needs no retelling.,What followed is not so much a completely forgotten outcome as anti-racist herstory.,"The phrase means the sequel is well known, but the sentence describes it being forgotten."
the world and his wife,"Nick and Clem will have invited half the world and his wife, anyway.","Nick and Clem will have invited absolutely everybody, anyway.",The world and his wife means a very large number of people indiscriminately invited.,"Nick and Clem will have invited a tiny select handful, anyway.","The idiom means inviting everyone, but the sentence describes a small exclusive guest list."
there's no such thing as a free lunch,"Truly, there is no such thing as a free lunch, every decision has its own inherent problems.","Truly, everything carries a hidden cost, every decision has its own inherent problems.","The saying means nothing is genuinely without cost, supported by the mention of inherent problems.","Truly, many things carry no cost at all, every decision has its own inherent problems.","The saying denies costless benefits, but the sentence allows them."
there's the rub,THERE'S THE RUB: Fergie eases the tension from her companion Johnny.,THERE LIES THE DIFFICULTY: Fergie eases the tension from her companion Johnny.,"There's the rub identifies the central problem, punned here on massage.",THERE LIES THE SOLUTION: Fergie eases the tension from her companion Johnny.,"The phrase identifies a difficulty, but the sentence presents a resolution."
thick and fast,The rumours are growing thick and fast as weeds and de Craon must be their sower.,The rumours are growing rapidly and in great numbers as weeds and de Craon must be their sower.,"Thick and fast means in large quantities and quick succession, matching the weed comparison.",The rumours are growing slowly and sparsely as weeds and de Craon must be their sower.,"Thick and fast means rapid and plentiful, but the sentence describes slow scattered growth."
think twice,So Swedes may think twice before rushing more money abroad.,So Swedes may reconsider carefully before rushing more money abroad.,"To think twice means to reconsider before acting, the caution the situation prompts.",So Swedes may act more impulsively before rushing more money abroad.,"To think twice means reconsidering, but the sentence describes acting with less thought."
through thick and thin,And I have calculated that you would be on Mr. Stavanger's side through thick and thin.,And I have calculated that you would be on Mr. Stavanger's side in good times and bad alike.,"Through thick and thin means remaining loyal regardless of circumstances, the loyalty predicted.",And I have calculated that you would be on Mr. Stavanger's side only while things went well.,"The idiom means unwavering loyalty, but the sentence makes support conditional on good fortune."
throw a wobbly,Having a toddler throw a wobbly in public is perhaps one of parenting's most embarrassing episodes.,Having a toddler lose their temper dramatically in public is perhaps one of parenting's most embarrassing episodes.,"To throw a wobbly means to have a sudden tantrum, the embarrassing public episode described.",Having a toddler behave with perfect composure in public is perhaps one of parenting's most embarrassing episodes.,"To throw a wobbly means having a tantrum, but the sentence describes calm behaviour, which would not embarrass."
throw caution to the wind,The two of us threw caution to the winds and raced to the rescue.,The two of us abandoned all care for the risks and raced to the rescue.,"To throw caution to the wind means to act boldly without regard for danger, matching the rush to help.",The two of us weighed every possible risk and raced to the rescue.,"The idiom means abandoning caution, but the sentence describes careful deliberation, which racing would not allow."
throw someone to the wolves,"The better-structured, more competitive farmers would be thrown to the wolves.","The better-structured, more competitive farmers would be abandoned to their fate.",To throw someone to the wolves means to sacrifice them to danger without protection.,"The better-structured, more competitive farmers would be carefully shielded from harm.","The idiom means abandoning someone to danger, but the sentence describes protecting them."
tip the scales,This year world population tipped the scales at five billion.,This year world population reached the measured figure of five billion.,"To tip the scales means to register a particular weight or amount, applied here to population.",This year world population fell far short of the measured figure of five billion.,"To tip the scales at a figure means reaching it, but the sentence describes falling below."
to a nicety,"It was as if he were timing something, judging to a nicety some effect he wished to produce.","It was as if he were timing something, judging with exact precision some effect he wished to produce.","To a nicety means with fine exactness, describing the precision of his judgement.","It was as if he were timing something, judging with rough guesswork some effect he wished to produce.","To a nicety means judging precisely, but the sentence describes crude approximation."
to a t,One that fits this description to a T is the T-shirt.,One that fits this description exactly is the T-shirt.,"To a T means fitting perfectly in every detail, punned here on the T-shirt.",One that fits this description very loosely is the T-shirt.,"To a T means fitting exactly, but the sentence describes an approximate match."
to say the least,His ideas of organisation are elementary to say the least.,"His ideas of organisation are elementary, putting it mildly.","To say the least signals that the description is an understatement, softening a harsher judgement.","His ideas of organisation are elementary, putting it as strongly as possible.","To say the least marks an understatement, but the sentence claims maximum emphasis."
to the tune of,They could then be sold off to the tune of a hundred million pounds to pay off debts.,They could then be sold off for the considerable sum of a hundred million pounds to pay off debts.,"To the tune of introduces a notably large amount of money, here the sale proceeds.",They could then be sold off for the trifling sum of a hundred million pounds to pay off debts.,"To the tune of emphasises a large sum, but the sentence calls a hundred million trivial."
tongue in cheek,By the look in his eye I could tell that he was speaking tongue in cheek.,"By the look in his eye I could tell that he was speaking with sly humour, not seriously.","Tongue in cheek means saying something jokingly while appearing serious, betrayed by his eye.",By the look in his eye I could tell that he was speaking in complete earnest.,"Tongue in cheek means speaking jokingly, but the sentence describes total sincerity."
touch base,"Alright, well when you've finished here perhaps we can touch base.","Alright, well when you've finished here perhaps we can make brief contact.","To touch base means to check in briefly with someone, the suggestion for later.","Alright, well when you've finished here perhaps we can avoid all contact.","To touch base means making contact, but the sentence proposes avoiding it."
touch wood,"Touch wood, I've never had to dope him on the lorry.","With luck holding, I've never had to dope him on the lorry.","Touch wood is said to ward off bad luck when mentioning good fortune, hedging the claim.","With my luck certain to fail, I've never had to dope him on the lorry.","Touch wood expresses hope that luck continues, but the sentence predicts it running out."
tough as old boots,"He's as tough as old boots, but playing with drugs is still a mug's game.","He's extremely hardy and resilient, but playing with drugs is still a mug's game.","Tough as old boots means being very durable and hard to damage, the concession before the warning.","He's extremely fragile and delicate, but playing with drugs is still a mug's game.","Tough as old boots means being resilient, but the sentence describes frailty."
tread on someone's toes,"More than most, BMW is very careful not to tread on its own toes when it comes to cabin size.","More than most, BMW is very careful not to have its models compete against each other when it comes to cabin size.","To tread on someone's toes means to encroach where you cause conflict, here between a firm's own models.","More than most, BMW is very careful not to keep its models well separated when it comes to cabin size.","The idiom means causing overlap and conflict, but the sentence describes avoiding separation, reversing the care taken."
tread the boards,And rather than treading the boards … they were teetering two feet above them.,And rather than performing on stage … they were teetering two feet above them.,"To tread the boards means to act on stage, contrasted here with being above the stage floor.",And rather than watching from the audience … they were teetering two feet above them.,"To tread the boards means performing on stage, but the sentence puts them in the audience, which breaks the contrast."
tried and true,"You stick to the tried and true, never going at risk and trying something new.","You stick to the reliably proven, never going at risk and trying something new.","Tried and true means established as dependable through experience, contrasted with the untested.","You stick to the entirely untested, never going at risk and trying something new.","Tried and true means proven and dependable, but the sentence describes the untested, contradicting the avoidance of risk."
true to form,True to form the odd couple had differing views on the subject.,Just as would be expected of them the odd couple had differing views on the subject.,"True to form means behaving in the way that is characteristic of someone, which the disagreement confirms.",Quite out of character for them the odd couple had differing views on the subject.,"True to form means acting characteristically, but the sentence describes surprising behaviour."
turn a blind eye,"TEACHERS are turning a blind eye to pupils smoking at school, a report reveals today.","TEACHERS are deliberately ignoring pupils smoking at school, a report reveals today.","To turn a blind eye means to pretend not to notice something wrong, the accusation in the report.","TEACHERS are vigorously cracking down on pupils smoking at school, a report reveals today.","To turn a blind eye means ignoring wrongdoing, but the sentence describes strict enforcement."
turn over a new leaf,"There is no indication that Hollywood is turning over a new leaf, free of bloodstains.","There is no indication that Hollywood is making a fresh start in behaviour, free of bloodstains.","To turn over a new leaf means to reform and begin behaving better, which Hollywood shows no sign of.","There is no indication that Hollywood is continuing exactly as before, free of bloodstains.","The idiom means reforming, but the sentence describes no change, which contradicts 'free of bloodstains'."
turn someone's head,"He's just turned my head, that's all, and I intend to turn it right back again.","He's just infatuated me, that's all, and I intend to turn it right back again.",To turn someone's head means to make them lose their judgement through flattery or attraction.,"He's just left me entirely unmoved, that's all, and I intend to turn it right back again.","The idiom means causing infatuation, but the sentence describes indifference, leaving nothing to reverse."
turn something on its head,Punk had turned pop music and its attendant culture on its head.,Punk had completely reversed pop music and its attendant culture.,"To turn something on its head means to invert it completely, describing punk's effect.",Punk had carefully preserved pop music and its attendant culture.,"The idiom means overturning something, but the sentence describes leaving it untouched."
turn tail,I was so shocked I just turned tail and ran home as fast as I could.,I was so shocked I just fled in retreat and ran home as fast as I could.,"To turn tail means to flee from something frightening, consistent with running home.",I was so shocked I just stood my ground firmly and ran home as fast as I could.,"To turn tail means fleeing, but the sentence describes holding position, which conflicts with running home."
turn the corner,But we hoped all the time we would turn the corner.,But we hoped all the time we would pass through the worst and begin improving.,"To turn the corner means to get past a difficult stage and start recovering, the sustained hope.",But we hoped all the time we would sink further into the worst.,"To turn the corner means beginning to recover, but the sentence describes worsening, which would not be hoped for."
turn the other cheek,"Anyway, all I can remember is something about turning the other cheek which I don't believe in.","Anyway, all I can remember is something about accepting injury without retaliating which I don't believe in.","To turn the other cheek means to refuse to retaliate against an injury, the principle being rejected.","Anyway, all I can remember is something about repaying injury with force which I don't believe in.","The idiom means declining to retaliate, but the sentence describes striking back."
turn the screw,"Take tonight, for example — and just to turn the screw she had wound him to fever pitch.","Take tonight, for example — and just to increase the pressure she had wound him to fever pitch.",To turn the screw means to intensify pressure on someone.,"Take tonight, for example — and just to relieve the pressure she had wound him to fever pitch.","The idiom means increasing pressure, but the sentence describes easing it, which winding him up contradicts."
turn the tables,How did he always manage to turn the tables on her like that?,How did he always manage to reverse the advantage against her like that?,To turn the tables means to reverse a position of disadvantage into one of advantage.,How did he always manage to preserve her advantage like that?,"The idiom means reversing the advantage, but the sentence describes maintaining hers."
turn turtle,"It hurtled on, shedding wheels and bodywork as it almost turned turtle.","It hurtled on, shedding wheels and bodywork as it almost overturned completely.","To turn turtle means to flip upside down, the near-fate of the vehicle.","It hurtled on, shedding wheels and bodywork as it almost righted itself perfectly.","To turn turtle means overturning, but the sentence describes recovering an upright position."
turn up trumps,The wheel of fortune has turned up trumps and offers you a handsome payola today.,The wheel of fortune has produced an unexpectedly good outcome and offers you a handsome payola today.,"To turn up trumps means to produce a better result than expected, matching the promised windfall.",The wheel of fortune has produced a disappointing outcome and offers you a handsome payola today.,"The idiom means an unexpectedly good result, but the sentence describes disappointment, which no payola would follow."
twist someone's arm,It would seek to twist Government's arm to ensure that appropriate management was bought in.,It would seek to pressure the Government forcefully to ensure that appropriate management was bought in.,"To twist someone's arm means to coerce them into doing something, the intended tactic.",It would seek to leave the Government entirely free to ensure that appropriate management was bought in.,"To twist someone's arm means applying pressure, but the sentence describes leaving them unpressured."
under the microscope,"At the moment, they're vying for position under the microscope.","At the moment, they're vying for position under intense scrutiny.","Under the microscope means being examined very closely, the condition of their competition.","At the moment, they're vying for position entirely unobserved.","Under the microscope means close scrutiny, but the sentence describes no observation at all."
unknown quantity,"Barnes was an unknown quantity, without any clear prejudice on the nuclear issue.","Barnes was a person whose views could not be predicted, without any clear prejudice on the nuclear issue.",An unknown quantity means someone whose character or intentions cannot be judged in advance.,"Barnes was a person whose views were thoroughly documented, without any clear prejudice on the nuclear issue.","An unknown quantity means someone unpredictable, but the sentence describes well-known views."
up a gum tree,It all went wrong when they discovered something up a gum-tree in Malaysia and called it gutta-percha.,It all went wrong when they discovered something in an awkward predicament in Malaysia and called it gutta-percha.,Up a gum tree means being stuck in a difficult position.,It all went wrong when they discovered something in a thoroughly comfortable position in Malaysia and called it gutta-percha.,"The idiom means being stuck in difficulty, but the sentence describes ease."
up and running,One ill-considered word and Stella would be up and running.,One ill-considered word and Stella would be fully in action.,"Up and running means operating actively, describing how easily Stella would be set off.",One ill-considered word and Stella would be completely shut down.,"Up and running means being in action, but the sentence describes ceasing altogether."
up to here,I've had it up to here with this naivety.,I've reached the absolute limit of my patience with this naivety.,"To have had it up to here means to be at the end of one's tolerance, the speaker's state.",I've barely begun to notice this naivety.,"The idiom means being at the limit of patience, but the sentence describes hardly registering it."
up to no good,"Carrying on and saying I was up to no good, out till that time.","Carrying on and saying I was engaged in mischief, out till that time.","Up to no good means behaving in a suspect or dishonest way, the accusation being reported.","Carrying on and saying I was engaged in exemplary conduct, out till that time.","Up to no good means being up to mischief, but the sentence describes blameless behaviour, which would not prompt complaint."
up to the hilt,But he's mortgaged his house up to the hilt and everything.,But he's mortgaged his house to the fullest possible extent and everything.,"Up to the hilt means to the maximum degree possible, describing the extent of the mortgage.",But he's mortgaged his house to the smallest possible extent and everything.,"Up to the hilt means to the maximum, but the sentence describes a minimal amount."
use a sledgehammer to crack a nut,The principle of proportionality — do not use a sledgehammer to crack a nut — is straightforward logic.,The principle of proportionality — do not apply excessive force to a trivial problem — is straightforward logic.,"The idiom means using far more force than a small problem warrants, which proportionality forbids.",The principle of proportionality — do not apply minimal force to a serious problem — is straightforward logic.,"The idiom warns against excessive force for a small problem, but the sentence warns of the opposite error."
walk free,A KNIFE-wielding intruder who bound and gagged a woman walked free from court yesterday.,A KNIFE-wielding intruder who bound and gagged a woman left court without punishment yesterday.,"To walk free means to leave court without a custodial sentence, the outcome reported.",A KNIFE-wielding intruder who bound and gagged a woman left court under lengthy sentence yesterday.,"To walk free means leaving without punishment, but the sentence describes imprisonment."
warm the cockles of someone's heart,"If this was not a government-inspired story, it must have warmed the cockles of the Ministry's heart.","If this was not a government-inspired story, it must have deeply gratified the Ministry.",The idiom means giving someone a feeling of contented pleasure.,"If this was not a government-inspired story, it must have deeply dismayed the Ministry.","The idiom means giving pleasure, but the sentence describes distress."
warts and all,No vanity here: the result is a warts-and-all publication intended as salutary reading.,"No vanity here: the result is a publication showing every flaw undisguised, intended as salutary reading.","Warts and all means presenting something including its faults, consistent with the absence of vanity.","No vanity here: the result is a publication concealing every flaw carefully, intended as salutary reading.","Warts and all means showing the flaws, but the sentence describes hiding them, which vanity would explain."
watch this space,Watch this space — or rather the space on the backs of those notes.,Await further developments here — or rather the space on the backs of those notes.,"Watch this space means more news is coming shortly, punned here on physical space.",Expect nothing further here — or rather the space on the backs of those notes.,"Watch this space promises further news, but the sentence rules it out."
watch your back,"'Watch your back, Aurora, because I'm going to be behind you when you least expect it.","'Stay alert for danger, Aurora, because I'm going to be behind you when you least expect it.","To watch your back means to be on guard against attack, matching the threat that follows.","'Relax completely, Aurora, because I'm going to be behind you when you least expect it.","The idiom means staying vigilant, but the sentence urges relaxation, which the threat contradicts."
water under the bridge,"Today, many people might think that all of this is water under the bridge.","Today, many people might think that all of this is past and no longer worth dwelling on.",Water under the bridge means something in the past that should be let go.,"Today, many people might think that all of this is urgently pressing right now.","The idiom means something safely in the past, but the sentence makes it a present concern."
watering hole,DRINKERS at TV's most famous bar may soon be saying cheers in another watering hole.,DRINKERS at TV's most famous bar may soon be saying cheers in another drinking establishment.,"A watering hole means a pub or bar, the natural sense given the drinkers.",DRINKERS at TV's most famous bar may soon be saying cheers in another public library.,"A watering hole means a drinking establishment, but the sentence substitutes an unrelated venue."
way to go,And there is the increase in shrieks of way to go.,And there is the increase in shrieks of well done.,Way to go is an exclamation of praise and encouragement.,And there is the increase in shrieks of how disappointing.,"The phrase expresses praise, but the sentence expresses disappointment."
weak at the knees,Topaz was trying to pretend that this man wasn't making her weak at the knees.,Topaz was trying to pretend that this man wasn't overwhelming her with attraction.,"Weak at the knees means being overcome by strong feeling, which she was concealing.",Topaz was trying to pretend that this man wasn't leaving her entirely unmoved.,"The idiom means being overwhelmed by feeling, but the sentence describes indifference, which would need no pretence."
wear the trousers,"There's no doubt who'll wear the trousers in that house, said one elderly lady.","There's no doubt who'll be in charge in that house, said one elderly lady.",To wear the trousers means to be the dominant partner in a household.,"There's no doubt who'll take all the orders in that house, said one elderly lady.","The idiom means being in charge, but the sentence describes being subordinate."
weather the storm,"Although recovery in advanced countries remains fragile, developing countries appear to have weathered the storm.","Although recovery in advanced countries remains fragile, developing countries appear to have survived the crisis intact.","To weather the storm means to come through a difficult period successfully, contrasted with fragile recovery.","Although recovery in advanced countries remains fragile, developing countries appear to have collapsed under the crisis.","The idiom means surviving a crisis, but the sentence describes succumbing, which removes the contrast."
wet behind the ears,"It's bad enough that Timothy's mooning over her like a schoolboy, wet behind the ears.","It's bad enough that Timothy's mooning over her like a schoolboy, young and inexperienced.","Wet behind the ears means naive through youth and inexperience, reinforcing the schoolboy comparison.","It's bad enough that Timothy's mooning over her like a schoolboy, old and deeply experienced.","The idiom means being inexperienced, but the sentence describes seasoned maturity, which conflicts with 'schoolboy'."
what goes around comes around,"I believe what goes around comes around, and our day will come.","I believe actions eventually return to their doer, and our day will come.","The idiom means people eventually receive the consequences of their own behaviour, supporting the hope expressed.","I believe actions never return to their doer, and our day will come.","The idiom means consequences return to the doer, but the sentence denies it, removing the grounds for hope."
whistle dixie,"I've got it then you're whistling Dixie, mate.","I've got it then you're indulging in idle fantasy, mate.",To whistle Dixie means to talk unrealistically about something that will not happen.,"I've got it then you're stating verified fact, mate.","The idiom means unrealistic talk, but the sentence describes established fact."
whistle in the dark,Her fine words had been so much whistling in the dark.,Her fine words had been so much pretending confidence she did not feel.,"To whistle in the dark means to feign bravery to conceal fear, the assessment of her words.",Her fine words had been so much expressing genuine certainty.,"The idiom means feigning confidence, but the sentence describes real assurance, which 'so much' would not dismiss."
wipe the floor with,"In speed terms, it'll wipe the floor with anything running under Windows.","In speed terms, it'll comprehensively outperform anything running under Windows.","To wipe the floor with something means to defeat it decisively, the claim about speed.","In speed terms, it'll narrowly lose to anything running under Windows.","The idiom means decisive victory, but the sentence describes defeat."
wipe the slate clean,That he would atone for it and so the slate would be wiped clean.,That he would atone for it and so past offences would be entirely forgiven.,"To wipe the slate clean means to cancel past wrongs and start afresh, the result of atonement.",That he would atone for it and so past offences would be permanently recorded.,"The idiom means cancelling past wrongs, but the sentence describes them being retained."
with a vengeance,Evidence suggests that the fifties are back with a vengeance.,Evidence suggests that the fifties are back to an extreme degree.,"With a vengeance means to a far greater extent than expected, describing the revival.",Evidence suggests that the fifties are back to a barely noticeable degree.,"With a vengeance means to an extreme degree, but the sentence describes a faint return."
with a will,"This was their initiation into the NSC world of secrecy, and they entered into it with a will.","This was their initiation into the NSC world of secrecy, and they entered into it with great enthusiasm.","With a will means doing something energetically and willingly, describing their entry.","This was their initiation into the NSC world of secrecy, and they entered into it with deep reluctance.","With a will means acting eagerly, but the sentence describes unwillingness."
with bated breath,Yanto waited for a reply to his offer with bated breath.,Yanto waited for a reply to his offer in tense anticipation.,"With bated breath means waiting in anxious suspense, describing Yanto's state.",Yanto waited for a reply to his offer in complete indifference.,"With bated breath means anxious anticipation, but the sentence describes not caring."
with knobs on,Fat and lazy yourself with brass knobs on.,"Fat and lazy yourself, and even more so.",With knobs on is a retort meaning the same insult applies with added emphasis.,"Fat and lazy yourself, but considerably less so.","The phrase intensifies the retort, but the sentence weakens it."
with open arms,"The commission-hungry staff smell money and class, and the pair are welcomed with open arms.","The commission-hungry staff smell money and class, and the pair are welcomed enthusiastically.","With open arms means receiving someone very warmly, explained by the scent of money.","The commission-hungry staff smell money and class, and the pair are welcomed coldly.","With open arms means a warm welcome, but the sentence describes a chilly one, which commission-hunger contradicts."
wither on the vine,It is unforgivable to leave it to wither on the vine.,It is unforgivable to leave it to decline unused into nothing.,"To wither on the vine means to be neglected until it fails, the outcome condemned.",It is unforgivable to leave it to flourish abundantly.,"The idiom means declining through neglect, but the sentence describes thriving, which would not be unforgivable."
within an ace of,I came within an ace of slapping her around.,I came within a hair's breadth of slapping her around.,Within an ace of means very nearly doing something.,I came nowhere close to slapping her around.,"The idiom means coming very near, but the sentence describes being far from it."
within living memory,"Here, perhaps, within living memory, the ancient rites were enacted and may yet be again.","Here, perhaps, recently enough for people still alive to recall, the ancient rites were enacted and may yet be again.",Within living memory means recent enough that people alive today remember it.,"Here, perhaps, long before anyone now alive was born, the ancient rites were enacted and may yet be again.","The idiom means within people's remembered experience, but the sentence places it beyond anyone's memory."
without fail,Once a week without fail a breakdown of his expenses would arrive.,Once a week with unbroken regularity a breakdown of his expenses would arrive.,"Without fail means happening reliably every time, describing the weekly statement.",Once a week with frequent unexplained gaps a breakdown of his expenses would arrive.,"Without fail means unbroken reliability, but the sentence describes irregular delivery."
word of mouth,"The Eladeldi supervise everything, and anyway the jobs worth having all go on word of mouth.","The Eladeldi supervise everything, and anyway the jobs worth having all go by personal recommendation.","Word of mouth means information passed informally between people, how the good jobs are filled.","The Eladeldi supervise everything, and anyway the jobs worth having all go by public advertisement.","Word of mouth means informal personal networks, but the sentence describes open advertising."
work like a charm,But let me first applaud the coupling: it works like a charm.,But let me first applaud the coupling: it works perfectly and effortlessly.,"To work like a charm means to function exactly as hoped, which earns the applause.",But let me first applaud the coupling: it works badly and unreliably.,"The idiom means working perfectly, but the sentence describes failure, which would not merit applause."
work to rule,Management yesterday began suspending ambulance staff in retaliation to the unions' work-to-rule tactics.,Management yesterday began suspending ambulance staff in retaliation to the unions' tactic of doing only the strict minimum required.,"To work to rule means to follow regulations so exactly that productivity falls, a form of industrial action.",Management yesterday began suspending ambulance staff in retaliation to the unions' tactic of working far beyond requirements.,"Work to rule means doing only the minimum required, but the sentence describes exceeding requirements, which would not provoke retaliation."
work wonders,It doesn't matter if you don't work wonders for just one day this week!,It doesn't matter if you don't achieve remarkable results for just one day this week!,"To work wonders means to produce impressive results, which need not happen every day.",It doesn't matter if you don't achieve utterly trivial results for just one day this week!,"To work wonders means achieving remarkable results, but the sentence substitutes trivial ones, reversing the reassurance."
writ large,The idea that femininity is in the first place to be associated with motherhood is simply writ large.,The idea that femininity is in the first place to be associated with motherhood is simply displayed in an obvious magnified form.,Writ large means presented in an especially clear and magnified way.,The idea that femininity is in the first place to be associated with motherhood is simply hidden in obscure miniature.,"Writ large means being obvious and magnified, but the sentence describes concealment."
yesterday's news,"The impression that the environment is yesterday's news is wrong, Worcester says.","The impression that the environment is no longer of current interest is wrong, Worcester says.","Yesterday's news means something that has ceased to matter, the impression being corrected.","The impression that the environment is the most urgent current concern is wrong, Worcester says.","Yesterday's news means an outdated concern, but the sentence describes it as pressing, reversing what is being denied."
you can't have your cake and eat it,You can't have your cake and eat it.,You can't enjoy two desirable things that exclude each other.,The saying means you must choose between mutually exclusive benefits.,You can enjoy two desirable things that exclude each other.,"The saying denies having both, but the sentence permits it."
you can't teach an old dog new tricks,"They say you can't teach an old dog new tricks, but I'm living proof.","They say older people cannot learn new ways, but I'm living proof.","The saying means the old are set in their habits, which the speaker claims to disprove.","They say older people learn new ways most easily, but I'm living proof.","The saying claims the old cannot learn, but the sentence says the opposite, leaving nothing to disprove."
you pays your money and you takes your choice,These are these wonderful arguments where you pays your money and you takes your choice.,These are these wonderful arguments where the options are equally valid and it comes down to preference.,"The saying means there is no objectively correct answer, only personal choice.",These are these wonderful arguments where one option is demonstrably correct and choice is irrelevant.,"The saying means the choice is a matter of preference, but the sentence claims a single right answer."
